OBJECTID;CRSH_ID;COUNTY;COUNTY_NBR;MUNCIPALIT;ON_RD;DIS;DIR;FROM_RD;TWDS_RD;MLPST_RD;GIS_MP_ROU;MILEPOST;HO_ROUTE_N;HO_ROUTE_C;SEV;CRASH_DATE;DAY;TIME;LIGHT_COND;ROAD_SURFA;ALCOHOL_FL;MOTORCYCLE;HEAVY_TRUC;SPEED_RELA;OLDER_DRIV;TEEN_DRIVE;CRASH_TYPE;LOC_ERROR;geo_shape;geo_point_2d
648;104175687.0;BUNCOMBE;10.0;ASHEVILLE;SR 3451;0.4;E;NC 151;*PVA HOMINEY HEIGHTS LN;SR 3451;4000345110.0;0.535;SR 3451;SR;K;2014-10-06T22:00:00-04:00;TUESDAY;1899-12-29T19:09:21-05:00;DARK - ROADWAY NOT LIGHTED;WET;N;N;N;N;N;N;OTHER;NO ERROR;"{""type"": ""Point"", ""coordinates"": [-82.69702571850308, 35.53145517089327]}";35.5314551709, -82.6970257185
659;102989403.0;CALDWELL;13.0;CAJAHS MOUNTAIN;SR 1001;0.5;S;SR 1130;SR 1136;SR 1001;4000100110.0;5.47;SR 1001;SR;K;2010-10-15T22:00:00-04:00;SATURDAY;1899-12-29T19:09:21-05:00;DARK - ROADWAY NOT LIGHTED;DRY;N;Y;N;N;Y;Y;REAR_END;NO ERROR;"{""type"": ""Point"", ""coordinates"": [-81.53498236118074, 35.8211337544334]}";35.8211337544, -81.5349823612
647;104212575.0;BURKE;11.0;MORGANTON;REEP;0.4;N;DIXIE;CARBON CITY;SR 1150;4000115010.0;0.192;SR 1150;SR;K;2014-10-24T22:00:00-04:00;SATURDAY;1899-12-29T19:09:21-05:00;DARK - ROADWAY NOT LIGHTED;DRY;N;N;N;Y;N;N;LANE_DEPARTURE;NO ERROR;"{""type"": ""Point"", ""coordinates"": [-81.76022003205152, 35.72489359794597]}";35.7248935979, -81.7602200321
646;104015610.0;CATAWBA;17.0;LONG VIEW;US 70;0.12300000000000001;W;31ST;34TH;US 70;2000007020.0;0.637;US 70;US;K;2014-02-25T20:00:00-05:00;WEDNESDAY;1899-12-29T19:09:21-05:00;DARK - ROADWAY NOT LIGHTED;DRY;Y;N;N;Y;N;N;OTHER;NO ERROR;"{""type"": ""Point"", ""coordinates"": [-81.39111296305626, 35.720278543169506]}";35.7202785432, -81.3911129631
664;103214145.0;CABARRUS;12.0;CONCORD;SR 2408;0.4;W;SR 2427;SR 2429;SR 2408;4000240810.0;5.327;SR 2408;SR;K;2011-07-25T22:00:00-04:00;TUESDAY;1899-12-29T19:09:21-05:00;DARK - ROADWAY NOT LIGHTED;DRY;N;N;N;N;N;N;OTHER;NO ERROR;"{""type"": ""Point"", ""coordinates"": [-80.47586293315145, 35.45821701354217]}";35.4582170135, -80.4758629332
695;103668802.0;CHEROKEE;19.0;MURPHY;US 19;0.7000000000000001;E;SR 1398;ML-MURPHY;US 19;2000001920.0;8.15;US 19;US;K;2013-01-26T20:00:00-05:00;SUNDAY;1899-12-29T19:09:21-05:00;DAYLIGHT;DRY;Y;N;N;N;N;N;LANE_DEPARTURE;NO ERROR;"{""type"": ""Point"", ""coordinates"": [-84.04625194109514, 35.07443440541267]}";35.0744344054, -84.0462519411
690;102777961.0;CHATHAM;18.0;PITTSBORO;SR 1726;0.0;;SR 1727;SR 1008;SR 1726;4000172620.0;0.63;SR 1726;SR;K;2010-01-21T20:00:00-05:00;FRIDAY;1899-12-29T19:09:21-05:00;DAYLIGHT;DRY;N;N;N;N;N;N;FRONTAL_IMPACT;NO ERROR;"{""type"": ""Point"", ""coordinates"": [-79.01875380586691, 35.852276385119325]}";35.8522763851, -79.0187538059
671;103509601.0;CARTERET;15.0;EMERALD ISLE;NC 58;0.0;;BOGUE INLET;*;NC 58;3000005820.0;20.756;NC 58;NC;K;2012-06-28T22:00:00-04:00;FRIDAY;1899-12-29T19:09:21-05:00;DARK - LIGHTED ROADWAY;DRY;Y;N;N;N;Y;Y;PEDESTRIAN;NO ERROR;"{""type"": ""Point"", ""coordinates"": [-77.05941739487353, 34.6607820668509]}";34.6607820669, -77.0594173949
653;102843959.0;CABARRUS;12.0;CONCORD;SR 1154;0.062;E;THANET;*LCL BRANDON RIDGE STREET;SR 1154;4000115410.0;999.999;SR 1154;SR;K;2010-04-16T22:00:00-04:00;SATURDAY;1899-12-29T19:09:21-05:00;DARK - ROADWAY NOT LIGHTED;DRY;N;Y;N;N;N;N;LANE_DEPARTURE;ROUTE MEASURE NOT FOUND;;
654;103803346.0;CATAWBA;17.0;CATAWBA;SR 1706;0.3;W;SR 2461;SR 1700;SR 1706;4000170620.0;999.999;SR 1706;SR;K;2013-07-14T22:00:00-04:00;MONDAY;1899-12-29T19:09:21-05:00;DARK - ROADWAY NOT LIGHTED;DRY;Y;N;N;Y;N;N;LANE_DEPARTURE;ROUTE MEASURE NOT FOUND;;
614;102834088.0;CABARRUS;12.0;CONCORD;SR 1394;0.021;E;SR 1524;SR 1564;SR 1394;4000139410.0;6.664000000000001;SR 1394;SR;K;2010-04-06T22:00:00-04:00;WEDNESDAY;1899-12-29T19:09:21-05:00;DARK - ROADWAY NOT LIGHTED;DRY;Y;N;N;N;N;Y;FRONTAL_IMPACT;NO ERROR;"{""type"": ""Point"", ""coordinates"": [-80.7236949455832, 35.40953434015364]}";35.4095343402, -80.7236949456
619;104224562.0;CATAWBA;17.0;MAIDEN;SR 2004;0.021;N;CL-LINCOLN;SR 2005;SR 2004;4000200420.0;1.335;SR 2004;SR;K;2014-11-23T20:00:00-05:00;MONDAY;1899-12-29T19:09:21-05:00;DARK - ROADWAY NOT LIGHTED;WET;N;N;N;Y;N;Y;LANE_DEPARTURE;NO ERROR;"{""type"": ""Point"", ""coordinates"": [-81.23805768296938, 35.55716495874911]}";35.5571649587, -81.238057683
611;104008219.0;CHATHAM;18.0;PITTSBORO;US 64;0.02;W;SR 1008;SR 1716;US 64;2000006420.0;32.4;US 64;US;K;2014-03-16T21:00:00-04:00;MONDAY;1899-12-29T19:09:21-05:00;DARK - ROADWAY NOT LIGHTED;WET;Y;N;N;N;N;Y;PEDESTRIAN;NO ERROR;"{""type"": ""Point"", ""coordinates"": [-79.00004712585766, 35.73659364100551]}";35.736593641, -79.0000471259
622;103983259.0;CABARRUS;12.0;CONCORD;CONCORD;0.043000000000000003;N;SUMNER;MONTFORD;US 29;2000002910.0;6.6530000000000005;US 29;US;K;2013-12-21T20:00:00-05:00;SUNDAY;1899-12-29T19:09:21-05:00;DARK - LIGHTED ROADWAY;WET;Y;N;N;N;N;N;PEDESTRIAN;NO ERROR;"{""type"": ""Point"", ""coordinates"": [-80.60978319290692, 35.404760246832595]}";35.4047602468, -80.6097831929
599;103421352.0;BURKE;11.0;MORGANTON;AVERY;0.0;N;BOUCHELLE;SHORT;US 64BUS;2900006410.0;1.6600000000000001;US 64BUS;US;K;2012-03-06T20:00:00-05:00;WEDNESDAY;1899-12-29T19:09:21-05:00;DAYLIGHT;DRY;N;N;N;N;Y;N;FRONTAL_IMPACT;NO ERROR;"{""type"": ""Point"", ""coordinates"": [-81.68738056495212, 35.74896936377275]}";35.7489693638, -81.687380565
624;104044047.0;CALDWELL;13.0;LENOIR;SR 1310;0.9;W;SR 1339;SR 1143;SR 1310;4000131010.0;1.715;SR 1310;SR;K;2014-04-23T22:00:00-04:00;THURSDAY;1899-12-29T19:09:21-05:00;DAYLIGHT;DRY;Y;N;N;N;N;N;LANE_DEPARTURE;NO ERROR;"{""type"": ""Point"", ""coordinates"": [-81.63589055508277, 35.924312058901656]}";35.9243120589, -81.6358905551
638;104156420.0;CHATHAM;18.0;PITTSBORO;SR 1012;0.9;NE;SR 1943;SR 1937;SR 1012;4000101220.0;1.86;SR 1012;SR;K;2014-09-07T22:00:00-04:00;MONDAY;1899-12-29T19:09:21-05:00;DAYLIGHT;WET;N;N;N;N;N;N;LANE_DEPARTURE;NO ERROR;"{""type"": ""Point"", ""coordinates"": [-79.10685684550214, 35.63869115512479]}";35.6386911551, -79.1068568455
634;102852755.0;CARTERET;15.0;NEWPORT;US 70;0.8;N;SR 1247;CL-CRAVEN;US 70;2000007020.0;0.66;US 70;US;K;2010-05-01T22:00:00-04:00;SUNDAY;1899-12-29T19:09:21-05:00;DAYLIGHT;DRY;N;Y;N;N;Y;N;LANE_DEPARTURE;NO ERROR;"{""type"": ""Point"", ""coordinates"": [-76.88169630144962, 34.83556095142341]}";34.8355609514, -76.8816963014
606;103190350.0;CALDWELL;13.0;LENOIR;SR 1346;0.0;;SR 1353;SR 1347;SR 1346;4000134610.0;0.51;SR 1346;SR;K;2011-06-30T22:00:00-04:00;FRIDAY;1899-12-29T19:09:21-05:00;DARK - ROADWAY NOT LIGHTED;DRY;N;N;N;N;Y;N;LANE_DEPARTURE;NO ERROR;"{""type"": ""Point"", ""coordinates"": [-81.57149253832765, 35.97438683377533]}";35.9743868338, -81.5714925383
631;103213629.0;BUNCOMBE;10.0;ASHEVILLE;SARDIS;0.006;W;COUNTRY MEADOWS;LINDA VISTA;SARDIS;5002719610.0;999.999;SARDIS;LCL;K;2011-06-30T22:00:00-04:00;FRIDAY;1899-12-29T19:09:21-05:00;DAYLIGHT;DRY;N;N;N;N;Y;N;REAR_END;ROUTE NOT FOUND;;
719;104204877.0;CATAWBA;17.0;NEWTON;SR 1735;0.04;SE;SR 1754;NC 10;SR 1735;4000173520.0;0.14500000000000002;SR 1735;SR;K;2014-11-01T21:00:00-04:00;SUNDAY;1899-12-29T19:09:21-05:00;DARK - ROADWAY NOT LIGHTED;DRY;Y;N;N;Y;N;N;LANE_DEPARTURE;NO ERROR;"{""type"": ""Point"", ""coordinates"": [-81.18830020334467, 35.664674121384785]}";35.6646741214, -81.1883002033
738;102991179.0;CATAWBA;17.0;HICKORY;SR 1618;0.1;S;SR 2226;SR 1519;SR 1618;4000161820.0;0.34700000000000003;SR 1618;SR;K;2010-10-19T22:00:00-04:00;WEDNESDAY;1899-12-29T19:09:21-05:00;DARK - ROADWAY NOT LIGHTED;DRY;Y;Y;N;N;N;N;OTHER;NO ERROR;"{""type"": ""Point"", ""coordinates"": [-81.21172832144264, 35.80969067584106]}";35.8096906758, -81.2117283214
731;103169143.0;BURKE;11.0;MORGANTON;JAMESTON;0.1;NE;CARBIN;CARBIN;SR 1142;4000114210.0;7.58;SR 1142;SR;K;2011-05-19T22:00:00-04:00;FRIDAY;1899-12-29T19:09:21-05:00;DARK - LIGHTED ROADWAY;DRY;N;N;N;Y;N;Y;LANE_DEPARTURE;NO ERROR;"{""type"": ""Point"", ""coordinates"": [-81.72762285980359, 35.7337813685059]}";35.7337813685, -81.7276228598
709;103121597.0;CALDWELL;13.0;LENOIR;CREEKWAY;0.076;NE;POPLAR;BROADWAY;SR 1300;4000130010.0;1.9360000000000002;SR 1300;SR;K;2011-03-26T21:00:00-04:00;SUNDAY;1899-12-29T19:09:21-05:00;DAYLIGHT;DRY;UNK;N;N;N;N;Y;FRONTAL_IMPACT;NO ERROR;"{""type"": ""Point"", ""coordinates"": [-81.55280271678309, 35.9194843545042]}";35.9194843545, -81.5528027168
729;103217422.0;CHATHAM;18.0;SILER CITY;SR 1162;0.023;W;SR 1157;SR 1151;SR 1162;4000116220.0;0.42700000000000005;SR 1162;SR;K;2011-07-24T22:00:00-04:00;MONDAY;1899-12-29T19:09:21-05:00;DAYLIGHT;DRY;N;N;N;N;Y;N;LANE_DEPARTURE;NO ERROR;"{""type"": ""Point"", ""coordinates"": [-79.54424294870613, 35.56122715490866]}";35.5612271549, -79.5442429487
716;103081429.0;CARTERET;15.0;NEWPORT;HIBBS;1.0;W;US 70;NC 24;SR 1141;4000114120.0;2.186;SR 1141;SR;K;2011-01-03T20:00:00-05:00;TUESDAY;1899-12-29T19:09:21-05:00;DAYLIGHT;DRY;UNK;N;N;N;Y;N;LANE_DEPARTURE;NO ERROR;"{""type"": ""Point"", ""coordinates"": [-76.87336431370315, 34.75758842654377]}";34.7575884265, -76.8733643137
710;103795902.0;CHATHAM;18.0;SILER CITY;SR 1506;0.067;S;SR 1555;REBECCA;SR 1506;4000150620.0;14.017000000000001;SR 1506;SR;K;2013-07-04T22:00:00-04:00;FRIDAY;1899-12-29T19:09:21-05:00;DAWN;DRY;Y;N;N;N;N;N;PEDESTRIAN;NO ERROR;"{""type"": ""Point"", ""coordinates"": [-79.31802933559746, 35.817474399924855]}";35.8174743999, -79.3180293356
704;103801493.0;CATAWBA;17.0;NEWTON;SR 1884;0.21;E;SR 1880;SR 2710;SR 1884;4000188420.0;1.55;SR 1884;SR;K;2013-07-14T22:00:00-04:00;MONDAY;1899-12-29T19:09:21-05:00;DAYLIGHT;DRY;N;N;N;N;N;N;LANE_DEPARTURE;NO ERROR;"{""type"": ""Point"", ""coordinates"": [-81.1955869127558, 35.63501270604942]}";35.635012706, -81.1955869128
805;103439904.0;BURKE;11.0;MORGANTON;I 40;0.7000000000000001;E;SR 1129;*MILE 95;I 40;1000004010.0;1.92;I 40;INTERSTATE;K;2012-04-29T22:00:00-04:00;MONDAY;1899-12-29T19:09:21-05:00;DARK - ROADWAY NOT LIGHTED;DRY;UNK;N;Y;N;N;N;PEDESTRIAN;NO ERROR;"{""type"": ""Point"", ""coordinates"": [-81.82853052029766, 35.69076170355292]}";35.6907617036, -81.8285305203
790;103015356.0;CABARRUS;12.0;CONCORD;CONCORD;0.3;N;BRUTON SMITH;CARPENTER;US 29;2000002910.0;0.9500000000000001;US 29;US;K;2010-11-05T21:00:00-04:00;SATURDAY;1899-12-29T19:09:21-05:00;DARK - LIGHTED ROADWAY;DRY;N;N;N;N;Y;N;PEDESTRIAN;NO ERROR;"{""type"": ""Point"", ""coordinates"": [-80.68262084861593, 35.356758547384324]}";35.3567585474, -80.6826208486
800;104145207.0;CATAWBA;17.0;HICKORY;US 321;0.049;N;NC 127;I 40;US 321;2000032120.0;11.898;US 321;US;K;2014-08-17T22:00:00-04:00;MONDAY;1899-12-29T19:09:21-05:00;DARK - ROADWAY NOT LIGHTED;DRY;Y;N;N;N;N;N;PEDESTRIAN;NO ERROR;"{""type"": ""Point"", ""coordinates"": [-81.3522288075365, 35.69515867668471]}";35.6951586767, -81.3522288075
799;102929758.0;CHATHAM;18.0;SILER CITY;SR 1557;1.0;E;SR 1003;SR 1556;SR 1557;4000155720.0;2.23;SR 1557;SR;K;2010-07-14T22:00:00-04:00;THURSDAY;1899-12-29T19:09:21-05:00;DAYLIGHT;DRY;N;N;N;Y;N;N;LANE_DEPARTURE;NO ERROR;"{""type"": ""Point"", ""coordinates"": [-79.3496752443935, 35.78694946863401]}";35.7869494686, -79.3496752444
808;103773333.0;CARTERET;15.0;NEWPORT;US 70;0.3;W;SR 1209;CL-CRAVEN;US 70;2000007020.0;0.67;US 70;US;K;2013-06-10T22:00:00-04:00;TUESDAY;1899-12-29T19:09:21-05:00;DAYLIGHT;DRY;N;Y;N;N;N;N;LANE_DEPARTURE;NO ERROR;"{""type"": ""Point"", ""coordinates"": [-76.88162335839277, 34.835429446348826]}";34.8354294463, -76.8816233584
813;102914448.0;CATAWBA;17.0;HICKORY;I 40;0.3;E;*MILE 124;*MILE 125;I 40;1000004020.0;4.572;I 40;INTERSTATE;K;2010-07-15T22:00:00-04:00;FRIDAY;1899-12-29T19:09:21-05:00;DAYLIGHT;WET;N;Y;N;Y;N;Y;REAR_END;NO ERROR;"{""type"": ""Point"", ""coordinates"": [-81.33119488641836, 35.712183113265546]}";35.7121831133, -81.3311948864
821;103870870.0;CABARRUS;12.0;HARRISBURG;NC 49;0.0;;SHAMROCK;*;NC 49;3000004910.0;2.791;NC 49;NC;K;2013-09-19T22:00:00-04:00;FRIDAY;1899-12-29T19:09:21-05:00;DAYLIGHT;DRY;N;N;N;N;N;N;FRONTAL_IMPACT;NO ERROR;"{""type"": ""Point"", ""coordinates"": [-80.63656424163268, 35.32620603933316]}";35.3262060393, -80.6365642416
823;103906210.0;CABARRUS;12.0;CONCORD;WARREN C COLEMAN;1.0;S;ZION CHURCH;FLOWES STORE;WARREN C COLEMAN;5003588610.0;999.999;WARREN C COLEMAN;LCL;K;2013-10-27T21:00:00-04:00;MONDAY;1899-12-29T19:09:21-05:00;DAYLIGHT;DRY;N;N;Y;N;Y;N;LANE_DEPARTURE;ROUTE NOT FOUND;;
896;103901354.0;CHATHAM;18.0;PITTSBORO;SR 1011;0.7000000000000001;W;SR 1910;SR 1926;SR 1011;4000101120.0;2.92;SR 1011;SR;K;2013-11-11T20:00:00-05:00;TUESDAY;1899-12-29T19:09:21-05:00;DARK - ROADWAY NOT LIGHTED;WET;N;N;N;N;Y;N;PEDESTRIAN;NO ERROR;"{""type"": ""Point"", ""coordinates"": [-79.02107921274444, 35.634762357817635]}";35.6347623578, -79.0210792127
871;103253437.0;CATAWBA;17.0;MAIDEN;SR 1844;0.027;S;SR 1952;SR 1899;SR 1844;4000184420.0;0.9630000000000001;SR 1844;SR;K;2011-09-16T22:00:00-04:00;SATURDAY;1899-12-29T19:09:21-05:00;DARK - ROADWAY NOT LIGHTED;DRY;Y;N;N;N;Y;N;LANE_DEPARTURE;NO ERROR;"{""type"": ""Point"", ""coordinates"": [-80.99051918334685, 35.55712776292061]}";35.5571277629, -80.9905191833
910;104189260.0;CATAWBA;17.0;CONOVER;SR 1700;1.1;SE;SR 1703;SR 1705;SR 1700;4000170020.0;3.46;SR 1700;SR;K;2014-10-02T22:00:00-04:00;FRIDAY;1899-12-29T19:09:21-05:00;DARK - ROADWAY NOT LIGHTED;DRY;UNK;N;N;Y;N;Y;LANE_DEPARTURE;NO ERROR;"{""type"": ""Point"", ""coordinates"": [-81.13652964530078, 35.79766442821498]}";35.7976644282, -81.1365296453
914;103886425.0;CABARRUS;12.0;CONCORD;I 85;0.38;N;SR 2894;SR 1394;I 85;1000008510.0;0.91;I 85;INTERSTATE;K;2013-10-24T22:00:00-04:00;FRIDAY;1899-12-29T19:09:21-05:00;DARK - ROADWAY NOT LIGHTED;DRY;N;N;Y;Y;N;N;REAR_END;NO ERROR;"{""type"": ""Point"", ""coordinates"": [-80.70983322175891, 35.37320173402488]}";35.373201734, -80.7098332218
916;103983843.0;CHATHAM;18.0;SILER CITY;SR 1003;0.031;N;SR 1612;SR 1375;SR 1003;4000100320.0;7.771000000000001;SR 1003;SR;K;2014-02-11T20:00:00-05:00;WEDNESDAY;1899-12-29T19:09:21-05:00;DAYLIGHT;SNOW;N;N;N;Y;Y;N;LANE_DEPARTURE;NO ERROR;"{""type"": ""Point"", ""coordinates"": [-79.40956280601381, 35.74980489433339]}";35.7498048943, -79.409562806
898;103463390.0;CATAWBA;17.0;MAIDEN;NC 150;0.7000000000000001;E;NC 16;SR 1853;NC 150;3000015020.0;1.6300000000000001;NC 150;NC;K;2012-05-29T22:00:00-04:00;WEDNESDAY;1899-12-29T19:09:21-05:00;DAYLIGHT;DRY;UNK;N;Y;N;N;N;LANE_DEPARTURE;NO ERROR;"{""type"": ""Point"", ""coordinates"": [-81.05369227372499, 35.565170738370234]}";35.5651707384, -81.0536922737
885;102818982.0;BURKE;11.0;MORGANTON;SR 1423;1.3;N;SR 1474;SR 1405;SR 1423;4000142310.0;3.16;SR 1423;SR;K;2010-03-19T21:00:00-04:00;SATURDAY;1899-12-29T19:09:21-05:00;DAYLIGHT;UNKNOWN;N;N;N;N;N;N;LANE_DEPARTURE;NO ERROR;"{""type"": ""Point"", ""coordinates"": [-81.73958938661185, 35.843202079606044]}";35.8432020796, -81.7395893866
913;102910946.0;CATAWBA;17.0;HICKORY;NC 127;0.5;N;SR 1120;US 321;NC 127;3000012720.0;0.96;NC 127;NC;K;2010-07-11T22:00:00-04:00;MONDAY;1899-12-29T19:09:21-05:00;DAYLIGHT;WET;N;N;N;N;N;Y;LANE_DEPARTURE;NO ERROR;"{""type"": ""Point"", ""coordinates"": [-81.38183165811488, 35.63916062694521]}";35.6391606269, -81.3818316581
887;103955530.0;CHATHAM;18.0;PITTSBORO;US 1;0.047;S;SR 1011;SR 1972;US 1;2000000120.0;5.537;US 1;US;K;2014-01-17T20:00:00-05:00;SATURDAY;1899-12-29T19:09:21-05:00;DAWN;DRY;Y;N;N;N;N;N;LANE_DEPARTURE;NO ERROR;"{""type"": ""Point"", ""coordinates"": [-79.00245826627656, 35.64398413082]}";35.6439841308, -79.0024582663
1125;103860013.0;CUMBERLAND;25.0;HOPE MILLS;US 301;0.43;N;SR 1363;SR 2219;I 95BUS;1900009530.0;3.7150000000000003;I 95BUS;INTERSTATE;K;2013-09-19T22:00:00-04:00;FRIDAY;1899-12-29T19:09:21-05:00;DARK - ROADWAY NOT LIGHTED;DRY;N;N;N;N;N;N;FRONTAL_IMPACT;NO ERROR;"{""type"": ""Point"", ""coordinates"": [-78.90858319685968, 34.97840586902943]}";34.978405869, -78.9085831969
1122;102936493.0;DAVIDSON;28.0;LEXINGTON;I 85;0.74;SW;SR 2205;NC 8;I 85;1000008530.0;10.791;I 85;INTERSTATE;K;2010-08-11T22:00:00-04:00;THURSDAY;1899-12-29T19:09:21-05:00;DARK - ROADWAY NOT LIGHTED;WET;N;N;N;Y;N;N;LANE_DEPARTURE;NO ERROR;"{""type"": ""Point"", ""coordinates"": [-80.22730083254999, 35.788931240902144]}";35.7889312409, -80.2273008325
1127;103331132.0;CURRITUCK;26.0;CHESAPEAKE-VA;SR 1216;0.7000000000000001;W;NC 168;SR 1217;SR 1216;4000121630.0;0.7000000000000001;SR 1216;SR;K;2011-12-10T20:00:00-05:00;SUNDAY;1899-12-29T19:09:21-05:00;DARK - ROADWAY NOT LIGHTED;DRY;Y;N;N;Y;N;Y;PEDESTRIAN;NO ERROR;"{""type"": ""Point"", ""coordinates"": [-76.18303501846047, 36.51413883325895]}";36.5141388333, -76.1830350185
1151;104175975.0;DAVIDSON;28.0;LEXINGTON;I 85;0.7000000000000001;SW;*MILE 85;*MILE 84;I 85;1000008530.0;1.92;I 85;INTERSTATE;K;2014-10-04T22:00:00-04:00;SUNDAY;1899-12-29T19:09:21-05:00;DARK - ROADWAY NOT LIGHTED;DRY;N;N;Y;N;N;N;OTHER;NO ERROR;"{""type"": ""Point"", ""coordinates"": [-80.36547857333471, 35.73926502799514]}";35.739265028, -80.3654785733
1105;103238576.0;CUMBERLAND;25.0;FAYETTEVILLE;RAEFORD;0.006;NE;SKATEWAY;FESTIVAL;US 401;2000040130.0;4.316;US 401;US;K;2011-07-23T22:00:00-04:00;SUNDAY;1899-12-29T19:09:21-05:00;DARK - LIGHTED ROADWAY;DRY;N;N;N;N;N;N;SIDESWIPE;NO ERROR;"{""type"": ""Point"", ""coordinates"": [-79.01113266814481, 35.03673053561212]}";35.0367305356, -79.0111326681
1135;103576515.0;DAVIDSON;28.0;DENTON;NC 49;0.2;S;SR 2545;SR 2540;NC 49;3000004930.0;5.3;NC 49;NC;K;2012-10-19T22:00:00-04:00;SATURDAY;1899-12-29T19:09:21-05:00;DARK - ROADWAY NOT LIGHTED;DRY;UNK;N;N;Y;N;N;LANE_DEPARTURE;NO ERROR;"{""type"": ""Point"", ""coordinates"": [-80.10860851007907, 35.54488837881606]}";35.5448883788, -80.1086085101
1101;103330421.0;CUMBERLAND;25.0;FAYETTEVILLE;RAEFORD;0.005;W;SKIBO;WILDWOOD;US 401;2000040130.0;6.375;US 401;US;K;2011-11-17T20:00:00-05:00;FRIDAY;1899-12-29T19:09:21-05:00;DAYLIGHT;DRY;N;N;N;Y;N;N;FRONTAL_IMPACT;NO ERROR;"{""type"": ""Point"", ""coordinates"": [-78.97623842812607, 35.0443998190258]}";35.044399819, -78.9762384281
1147;104227318.0;CUMBERLAND;25.0;FAYETTEVILLE;SR 1605;0.3;W;SR 1606;SR 1600;SR 1605;4000160530.0;2.38;SR 1605;SR;K;2014-11-06T20:00:00-05:00;FRIDAY;1899-12-29T19:09:21-05:00;DAYLIGHT;DRY;N;N;N;Y;N;Y;LANE_DEPARTURE;NO ERROR;"{""type"": ""Point"", ""coordinates"": [-78.89143634643484, 35.20343920304264]}";35.203439203, -78.8914363464
1110;103174875.0;CUMBERLAND;25.0;EASTOVER;US 13;0.1;W;SR 1863;I 95;US 13;2000001330.0;999.999;US 13;US;K;2011-05-23T22:00:00-04:00;TUESDAY;1899-12-29T19:09:21-05:00;DAYLIGHT;DRY;N;Y;N;N;N;Y;FRONTAL_IMPACT;ROUTE MEASURE NOT FOUND;;
1113;103229300.0;CUMBERLAND;25.0;FAYETTEVILLE;ROSEHILL;0.0;;HICKORY HILL;CHADWICK;ROSEHILL;5002648530.0;3.1;ROSEHILL;LCL;K;2011-08-05T22:00:00-04:00;SATURDAY;1899-12-29T19:09:21-05:00;DARK - LIGHTED ROADWAY;DRY;Y;N;N;N;N;Y;OTHER;ROUTE NOT FOUND;;
1263;103873023.0;COLUMBUS;23.0;CHADBOURN;SR 1504;0.3;S;SR 1525;US 76;SR 1504;4000150420.0;7.354;SR 1504;SR;K;2013-10-11T22:00:00-04:00;SATURDAY;1899-12-29T19:09:21-05:00;DARK - ROADWAY NOT LIGHTED;DRY;Y;N;N;N;N;N;LANE_DEPARTURE;NO ERROR;"{""type"": ""Point"", ""coordinates"": [-78.87120188981388, 34.34030788615904]}";34.3403078862, -78.8712018898
1275;103443252.0;COLUMBUS;23.0;WHITEVILLE;SR 1336;0.6;S;SR 1004;SR 1335;SR 1336;4000133620.0;0.6;SR 1336;SR;K;2012-05-02T22:00:00-04:00;THURSDAY;1899-12-29T19:09:21-05:00;DARK - ROADWAY NOT LIGHTED;DRY;Y;N;N;Y;N;Y;LANE_DEPARTURE;NO ERROR;"{""type"": ""Point"", ""coordinates"": [-78.76012036189613, 34.2667985816226]}";34.2667985816, -78.7601203619
1266;103629445.0;CUMBERLAND;25.0;FAYETTEVILLE;SR 1600;0.004;N;SR 2460;SR 1622;SR 1600;4000160030.0;2.8640000000000003;SR 1600;SR;K;2012-12-11T20:00:00-05:00;WEDNESDAY;1899-12-29T19:09:21-05:00;DARK - LIGHTED ROADWAY;WET;Y;N;N;N;N;N;PEDESTRIAN;NO ERROR;"{""type"": ""Point"", ""coordinates"": [-78.91110485559227, 35.14730637273255]}";35.1473063727, -78.9111048556