OBJECTID;CRSH_ID;COUNTY;COUNTY_NBR;MUNCIPALIT;ON_RD;DIS;DIR;FROM_RD;TWDS_RD;MLPST_RD;GIS_MP_ROU;MILEPOST;HO_ROUTE_N;HO_ROUTE_C;SEV;CRASH_DATE;DAY;TIME;LIGHT_COND;ROAD_SURFA;ALCOHOL_FL;MOTORCYCLE;HEAVY_TRUC;SPEED_RELA;OLDER_DRIV;TEEN_DRIVE;CRASH_TYPE;LOC_ERROR;geo_shape;geo_point_2d
1150;103605649.0;CRAVEN;24.0;HAVELOCK;SR 1774;0.095;SE;TOURIST CENTER;WOODLAND;SR 1774;4000177420.0;999.999;SR 1774;SR;K;2012-10-17T22:00:00-04:00;THURSDAY;1899-12-29T19:09:21-05:00;DAYLIGHT;DRY;N;N;N;N;N;N;LANE_DEPARTURE;ROUTE MEASURE NOT FOUND;;
859;103219377.0;CATAWBA;17.0;NEWTON;OLD CONOVER STARTOWN;0.044000000000000004;S;RADIO STATION;FLORA;SR 1149;4000114920.0;1.1460000000000001;SR 1149;SR;K;2011-07-14T22:00:00-04:00;FRIDAY;1899-12-29T19:09:21-05:00;DAYLIGHT;DRY;UNK;N;N;N;N;N;FRONTAL_IMPACT;NO ERROR;"{""type"": ""Point"", ""coordinates"": [-81.24990436718942, 35.666138449241444]}";35.6661384492, -81.2499043672
975;103140357.0;DAVIDSON;28.0;THOMASVILLE;I 85;0.3;SW;SR 2031;SR 2025;I 85;1000008530.0;17.903000000000002;I 85;INTERSTATE;K;2011-04-19T22:00:00-04:00;WEDNESDAY;1899-12-29T19:09:21-05:00;DARK - ROADWAY NOT LIGHTED;DRY;N;N;Y;Y;N;N;REAR_END;NO ERROR;"{""type"": ""Point"", ""coordinates"": [-80.12715422320422, 35.84825511629556]}";35.8482551163, -80.1271542232
894;104085727.0;CABARRUS;12.0;CONCORD;I 85;0.2;N;NC 73;SR 1790;I 85;1000008510.0;6.5680000000000005;I 85;INTERSTATE;K;2014-06-11T22:00:00-04:00;THURSDAY;1899-12-29T19:09:21-05:00;DARK - ROADWAY NOT LIGHTED;DRY;UNK;N;N;N;N;N;PEDESTRIAN;NO ERROR;"{""type"": ""Point"", ""coordinates"": [-80.6541611407013, 35.436681903142116]}";35.4366819031, -80.6541611407
891;103991427.0;CATAWBA;17.0;MAIDEN;SR 1815;0.3;S;SR 1817;SR 1818;SR 1815;4000181520.0;3.54;SR 1815;SR;K;2014-03-01T20:00:00-05:00;SUNDAY;1899-12-29T19:09:21-05:00;DARK - ROADWAY NOT LIGHTED;DRY;Y;Y;N;Y;N;N;LANE_DEPARTURE;NO ERROR;"{""type"": ""Point"", ""coordinates"": [-81.07741576460793, 35.61145493419433]}";35.6114549342, -81.0774157646
872;104194658.0;CHATHAM;18.0;SILER CITY;NC 22;0.1;N;NC 902;SR 1151;NC 22;3000002220.0;2.44;NC 22;NC;K;2014-10-16T22:00:00-04:00;FRIDAY;1899-12-29T19:09:21-05:00;DARK - ROADWAY NOT LIGHTED;DRY;N;Y;N;N;N;N;FRONTAL_IMPACT;NO ERROR;"{""type"": ""Point"", ""coordinates"": [-79.53819887633595, 35.5480036621866]}";35.5480036622, -79.5381988763
861;103570682.0;CHEROKEE;19.0;MURPHY;HILL;0.045000000000000005;E;WITHERSPOON;PLEASANT VALLEY;US 19BUS;2900001920.0;1.514;US 19BUS;US;K;2012-09-17T22:00:00-04:00;TUESDAY;1899-12-29T19:09:21-05:00;DUSK;WET;N;Y;N;Y;N;N;LANE_DEPARTURE;NO ERROR;"{""type"": ""Point"", ""coordinates"": [-84.02519634827023, 35.09549808219832]}";35.0954980822, -84.0251963483
874;104070992.0;BURKE;11.0;MORGANTON;US 64;0.14;S;SR 1112;SR 1985;US 64;2000006410.0;10.450000000000001;US 64;US;K;2014-05-25T22:00:00-04:00;MONDAY;1899-12-29T19:09:21-05:00;DAYLIGHT;UNKNOWN;N;N;N;Y;Y;N;LANE_DEPARTURE;NO ERROR;"{""type"": ""Point"", ""coordinates"": [-81.71205505773797, 35.702246396402266]}";35.7022463964, -81.7120550577
866;103605251.0;CALDWELL;13.0;LENOIR;HICKORY;0.01;S;IDEAL;CLOVER;US 321;2000032110.0;11.668000000000001;US 321;US;K;2012-11-19T20:00:00-05:00;TUESDAY;1899-12-29T19:09:21-05:00;DAYLIGHT;DRY;Y;N;N;N;Y;N;LANE_DEPARTURE;NO ERROR;"{""type"": ""Point"", ""coordinates"": [-81.51457111291172, 35.88281707765009]}";35.8828170777, -81.5145711129
974;103073679.0;CUMBERLAND;25.0;SPRING LAKE;NC 210;0.0;;WATERCLIFF;PINE KNOLL;NC 210;3000021030.0;999.999;NC 210;NC;K;2010-12-29T20:00:00-05:00;THURSDAY;1899-12-29T19:09:21-05:00;DAYLIGHT;DRY;Y;N;N;N;Y;N;LANE_DEPARTURE;ROUTE MEASURE NOT FOUND;;
858;104225528.0;CARTERET;15.0;NEWPORT;US 70;0.0;;CHATHAM;HIBBS;US 70;2000007020.0;999.999;US 70;US;K;2014-04-06T22:00:00-04:00;MONDAY;1899-12-29T19:09:21-05:00;DARK - ROADWAY NOT LIGHTED;WET;N;N;N;N;N;N;FRONTAL_IMPACT;ROUTE MEASURE NOT FOUND;;
617;102886189.0;CATAWBA;17.0;MAIDEN;NC 150;0.011000000000000001;W;SR 2757;SR 1977;NC 150;3000015020.0;3.6990000000000003;NC 150;NC;K;2010-05-03T22:00:00-04:00;TUESDAY;1899-12-29T19:09:21-05:00;DARK - ROADWAY NOT LIGHTED;DRY;N;N;N;Y;N;N;LANE_DEPARTURE;NO ERROR;"{""type"": ""Point"", ""coordinates"": [-81.02188430461628, 35.57290106670379]}";35.5729010667, -81.0218843046
600;104277498.0;BUNCOMBE;10.0;ASHEVILLE;SR 3495;0.034;E;SR 3486;SR 3496;SR 3495;4000349510.0;1.625;SR 3495;SR;K;2014-12-28T20:00:00-05:00;MONDAY;1899-12-29T19:09:21-05:00;DARK - ROADWAY NOT LIGHTED;DRY;N;N;N;N;N;Y;LANE_DEPARTURE;NO ERROR;"{""type"": ""Point"", ""coordinates"": [-82.55405153189733, 35.45191624851313]}";35.4519162485, -82.5540515319
609;103914266.0;BURKE;11.0;HILDEBRAN;SR 1627;0.1;N;SR 1623;SR 1628;SR 1627;4000162710.0;1.233;SR 1627;SR;K;2013-11-24T20:00:00-05:00;MONDAY;1899-12-29T19:09:21-05:00;DARK - ROADWAY NOT LIGHTED;DRY;N;Y;N;N;N;N;FRONTAL_IMPACT;NO ERROR;"{""type"": ""Point"", ""coordinates"": [-81.44218372389275, 35.72999476530116]}";35.7299947653, -81.4421837239
603;103197975.0;CARTERET;15.0;CEDAR POINT;NC 24;0.3;W;SR 1116;SR 1202;NC 24;3000002420.0;1.087;NC 24;NC;K;2011-07-08T22:00:00-04:00;SATURDAY;1899-12-29T19:09:21-05:00;DARK - LIGHTED ROADWAY;WET;Y;N;N;N;N;N;PEDESTRIAN;NO ERROR;"{""type"": ""Point"", ""coordinates"": [-77.09769005596597, 34.67758114171956]}";34.6775811417, -77.097690056
633;102888374.0;CATAWBA;17.0;MAIDEN;SR 1815;0.045000000000000005;N;SR 1942;SR 1939;SR 1815;4000181520.0;7.945;SR 1815;SR;K;2010-06-14T22:00:00-04:00;TUESDAY;1899-12-29T19:09:21-05:00;DAYLIGHT;DRY;Y;N;N;N;N;N;LANE_DEPARTURE;NO ERROR;"{""type"": ""Point"", ""coordinates"": [-81.01458910470899, 35.584392915907216]}";35.5843929159, -81.0145891047
621;103813041.0;CATAWBA;17.0;MAIDEN;SR 1003;0.2;E;SR 1864;SR 1970;SR 1003;4000100320.0;1.29;SR 1003;SR;K;2013-07-28T22:00:00-04:00;MONDAY;1899-12-29T19:09:21-05:00;DAYLIGHT;DRY;N;N;N;N;Y;N;LANE_DEPARTURE;NO ERROR;"{""type"": ""Point"", ""coordinates"": [-81.14829263566831, 35.56657612525517]}";35.5665761253, -81.1482926357
630;102949856.0;CARTERET;15.0;BEAUFORT;SR 1332;0.0;;SR 1334;SR 1331;SR 1332;4000133220.0;2.318;SR 1332;SR;K;2010-08-27T22:00:00-04:00;SATURDAY;1899-12-29T19:09:21-05:00;DARK - ROADWAY NOT LIGHTED;DRY;N;N;N;N;N;Y;FRONTAL_IMPACT;NO ERROR;"{""type"": ""Point"", ""coordinates"": [-76.55782945251332, 34.73783134069033]}";34.7378313407, -76.5578294525
635;103032129.0;CATAWBA;17.0;HICKORY;NC 127;0.0;;CLONINGER MILL;48TH;NC 127;3000012720.0;13.818000000000001;NC 127;NC;K;2010-11-18T20:00:00-05:00;FRIDAY;1899-12-29T19:09:21-05:00;DARK - LIGHTED ROADWAY;DRY;Y;N;N;N;N;N;FRONTAL_IMPACT;NO ERROR;"{""type"": ""Point"", ""coordinates"": [-81.3092480334167, 35.792421738723924]}";35.7924217387, -81.3092480334
602;103214547.0;CATAWBA;17.0;NEWTON;SR 2042;0.0;;NC 10;SR 2040;SR 2042;4000204220.0;1.56;SR 2042;SR;K;2011-07-23T22:00:00-04:00;SUNDAY;1899-12-29T19:09:21-05:00;DARK - ROADWAY NOT LIGHTED;DRY;Y;Y;N;Y;N;N;LANE_DEPARTURE;NO ERROR;"{""type"": ""Point"", ""coordinates"": [-81.40126059694829, 35.593530219925825]}";35.5935302199, -81.4012605969
628;103269933.0;CALDWELL;13.0;LENOIR;US 64;0.0;;MULBERRY;NORWOOD;US 64;2000006410.0;7.63;US 64;US;K;2011-10-07T22:00:00-04:00;SATURDAY;1899-12-29T19:09:21-05:00;DAYLIGHT;DRY;N;N;N;N;Y;N;FRONTAL_IMPACT;NO ERROR;"{""type"": ""Point"", ""coordinates"": [-81.53310707173641, 35.906102379343395]}";35.9061023793, -81.5331070717
1016;103917270.0;CUMBERLAND;25.0;FAYETTEVILLE;CEDAR CREEK;0.047;NW;BUREAU;FIELDS;NC 53;3000005330.0;13.687000000000001;NC 53;NC;K;2013-10-28T21:00:00-04:00;TUESDAY;1899-12-29T19:09:21-05:00;DARK - LIGHTED ROADWAY;DRY;N;N;N;N;Y;N;PEDESTRIAN;NO ERROR;"{""type"": ""Point"", ""coordinates"": [-78.82706386570317, 35.00899836402721]}";35.008998364, -78.8270638657
982;104165071.0;CUMBERLAND;25.0;FAYETTEVILLE;MURCHISON;0.076;N;PAMALEE;LAKE PINES;NC 210;3000021030.0;31.575000000000003;NC 210;NC;K;2014-07-15T22:00:00-04:00;WEDNESDAY;1899-12-29T19:09:21-05:00;DAYLIGHT;DRY;N;N;N;N;Y;N;LANE_DEPARTURE;NO ERROR;"{""type"": ""Point"", ""coordinates"": [-78.91647867827236, 35.0980912248943]}";35.0980912249, -78.9164786783
978;103631753.0;CUMBERLAND;25.0;SPRING LAKE;NC 210;0.3;N;SR 2408;SR 1680;NC 210;3000021030.0;40.1;NC 210;NC;K;2012-12-13T20:00:00-05:00;FRIDAY;1899-12-29T19:09:21-05:00;DARK - ROADWAY NOT LIGHTED;DRY;N;N;N;N;Y;N;PEDESTRIAN;NO ERROR;"{""type"": ""Point"", ""coordinates"": [-78.95353935701118, 35.20137143118427]}";35.2013714312, -78.953539357
990;102824226.0;CUMBERLAND;25.0;FAYETTEVILLE;BINGHAM;0.0;N;HUNTERS RUN;*;NC 162;3000016230.0;1.4080000000000001;NC 162;NC;K;2010-03-16T21:00:00-04:00;WEDNESDAY;1899-12-29T19:09:21-05:00;DARK - LIGHTED ROADWAY;DRY;Y;N;N;N;N;N;PEDESTRIAN;NO ERROR;"{""type"": ""Point"", ""coordinates"": [-78.98501838738889, 35.02306739436201]}";35.0230673944, -78.9850183874
998;104062286.0;CUMBERLAND;25.0;FAYETTEVILLE;NC 87;0.2;N;SR 2234;SR 2238;NC 87;3000008730.0;5.03;NC 87;NC;K;2014-05-19T22:00:00-04:00;TUESDAY;1899-12-29T19:09:21-05:00;DAWN;DRY;Y;N;Y;N;Y;N;REAR_END;NO ERROR;"{""type"": ""Point"", ""coordinates"": [-78.85728894575713, 34.91562150989284]}";34.9156215099, -78.8572889458
981;104166243.0;CUMBERLAND;25.0;FAYETTEVILLE;MURCHISON;0.0;;SHAW;SHAW MILL;NC 210;3000021030.0;32.966;NC 210;NC;K;2014-05-05T22:00:00-04:00;TUESDAY;1899-12-29T19:09:21-05:00;DARK - LIGHTED ROADWAY;DRY;N;Y;N;Y;N;N;FRONTAL_IMPACT;NO ERROR;"{""type"": ""Point"", ""coordinates"": [-78.93034733041955, 35.11468078252047]}";35.1146807825, -78.9303473304
979;103279626.0;CUMBERLAND;25.0;SPRING LAKE;LILLINGTON;0.0;;CHAPEL HILL;WATER;NC 210;3000021030.0;38.54;NC 210;NC;K;2011-10-02T22:00:00-04:00;MONDAY;1899-12-29T19:09:21-05:00;DAYLIGHT;DRY;N;N;Y;N;N;N;FRONTAL_IMPACT;NO ERROR;"{""type"": ""Point"", ""coordinates"": [-78.96551030726665, 35.18098552571395]}";35.1809855257, -78.9655103073
976;103143222.0;CUMBERLAND;25.0;SPRING LAKE;LILLINGTON;5.5;N;HOLLAND;SPRING;NC 210;3000021030.0;41.57;NC 210;NC;K;2011-03-04T20:00:00-05:00;SATURDAY;1899-12-29T19:09:21-05:00;DARK - ROADWAY NOT LIGHTED;DRY;Y;N;N;N;N;N;PEDESTRIAN;ROUTE MEASURE NOT FOUND;;
639;103623652.0;CATAWBA;17.0;LONG VIEW;I 40;0.1;E;*MILE 121;*MILE 122;I 40;1000004020.0;1.374;I 40;INTERSTATE;K;2012-12-09T20:00:00-05:00;MONDAY;1899-12-29T19:09:21-05:00;DARK - ROADWAY NOT LIGHTED;WET;N;N;N;N;N;N;PEDESTRIAN;NO ERROR;"{""type"": ""Point"", ""coordinates"": [-81.38732545228936, 35.7061635729122]}";35.7061635729, -81.3873254523
645;103274091.0;CHATHAM;18.0;SILER CITY;SR 1176;0.095;N;SR 2121;SR 2118;SR 1176;4000117620.0;3.459;SR 1176;SR;K;2011-10-10T22:00:00-04:00;TUESDAY;1899-12-29T19:09:21-05:00;DAYLIGHT;WET;N;N;Y;Y;N;Y;FRONTAL_IMPACT;NO ERROR;"{""type"": ""Point"", ""coordinates"": [-79.4142598147951, 35.65660703552029]}";35.6566070355, -79.4142598148
657;102835750.0;CATAWBA;17.0;HICKORY;NC 127;0.3;S;SR 1128;SR 2952;NC 127;3000012720.0;3.2800000000000002;NC 127;NC;K;2010-03-19T21:00:00-04:00;SATURDAY;1899-12-29T19:09:21-05:00;DAYLIGHT;DRY;Y;N;N;N;N;N;FRONTAL_IMPACT;NO ERROR;"{""type"": ""Point"", ""coordinates"": [-81.38472215355716, 35.67214468965807]}";35.6721446897, -81.3847221536
662;104011370.0;BURKE;11.0;GLEN ALPINE;NC 126;0.1;E;SR 1285;SR 1233;NC 126;3000012610.0;12.015;NC 126;NC;K;2014-03-20T21:00:00-04:00;FRIDAY;1899-12-29T19:09:21-05:00;DAYLIGHT;DRY;N;N;N;N;N;N;LANE_DEPARTURE;NO ERROR;"{""type"": ""Point"", ""coordinates"": [-81.81521925895883, 35.772025361118686]}";35.7720253611, -81.815219259
669;102978610.0;CABARRUS;12.0;KANNAPOLIS;NC 3;0.25;W;SR 1623;SR 1616;NC 3;3000000310.0;14.837000000000002;NC 3;NC;K;2010-10-03T22:00:00-04:00;MONDAY;1899-12-29T19:09:21-05:00;DAWN;DRY;N;N;N;N;N;Y;LANE_DEPARTURE;NO ERROR;"{""type"": ""Point"", ""coordinates"": [-80.69250013123703, 35.48670505980986]}";35.4867050598, -80.6925001312
667;102889462.0;CABARRUS;12.0;CONCORD;NC 73;0.4;E;MEADOW OAKS;SR 2522;NC 73;3000007310.0;14.577;NC 73;NC;K;2010-06-11T22:00:00-04:00;SATURDAY;1899-12-29T19:09:21-05:00;DAYLIGHT;DRY;N;N;N;Y;N;Y;OTHER;NO ERROR;"{""type"": ""Point"", ""coordinates"": [-80.52683737145878, 35.41716211867213]}";35.4171621187, -80.5268373715
650;103670876.0;CATAWBA;17.0;HICKORY;SIXTEENTH;0.031;SW;EIGHTEENTH;TENTH;SIXTEENTH;5002829320.0;22.219;SIXTEENTH;LCL;K;2013-01-14T20:00:00-05:00;TUESDAY;1899-12-29T19:09:21-05:00;DARK - LIGHTED ROADWAY;WET;UNK;N;N;Y;N;N;PEDESTRIAN;ROUTE NOT FOUND;;
643;102863094.0;CATAWBA;17.0;HICKORY;FIRST;0.138;W;EIGHTH;FIFTH;FIRST;5001054020.0;999.999;FIRST;LCL;K;2010-04-28T22:00:00-04:00;THURSDAY;1899-12-29T19:09:21-05:00;DAYLIGHT;DRY;N;N;N;N;Y;N;PEDESTRIAN;ROUTE NOT FOUND;;
1089;102945282.0;CUMBERLAND;25.0;FAYETTEVILLE;COUNTRY CLUB;0.057;NE;MURCHISON;DISTRIBUTION;US 401;2000040130.0;12.087;US 401;US;K;2010-08-13T22:00:00-04:00;SATURDAY;1899-12-29T19:09:21-05:00;DARK - LIGHTED ROADWAY;DRY;Y;Y;N;N;N;N;LANE_DEPARTURE;NO ERROR;"{""type"": ""Point"", ""coordinates"": [-78.91504396395099, 35.09803096276239]}";35.0980309628, -78.915043964
1087;103805241.0;CUMBERLAND;25.0;FAYETTEVILLE;COUNTRY CLUB;0.028;W;DISTRIBUTION;MURCHISON;US 401;2000040130.0;12.232000000000001;US 401;US;K;2012-05-25T22:00:00-04:00;SATURDAY;1899-12-29T19:09:21-05:00;DARK - LIGHTED ROADWAY;DRY;N;N;N;N;N;N;PEDESTRIAN;NO ERROR;"{""type"": ""Point"", ""coordinates"": [-78.91351672681182, 35.099708119151515]}";35.0997081192, -78.9135167268
1099;102820069.0;CUMBERLAND;25.0;FAYETTEVILLE;SKIBO;0.009000000000000001;SW;LEWIS;RAEFORD;US 401;2000040130.0;6.571000000000001;US 401;US;K;2010-03-01T20:00:00-05:00;TUESDAY;1899-12-29T19:09:21-05:00;DARK - LIGHTED ROADWAY;DRY;Y;N;N;N;N;N;LANE_DEPARTURE;NO ERROR;"{""type"": ""Point"", ""coordinates"": [-78.97581570681473, 35.04715773305743]}";35.0471577331, -78.9758157068
1098;103734427.0;CUMBERLAND;25.0;FAYETTEVILLE;SKIBO;0.1;N;MORGANTON;LAKEVALLEY;US 401;2000040130.0;8.51;US 401;US;K;2013-04-05T22:00:00-04:00;SATURDAY;1899-12-29T19:09:21-05:00;DARK - LIGHTED ROADWAY;DRY;Y;Y;N;N;N;N;FRONTAL_IMPACT;NO ERROR;"{""type"": ""Point"", ""coordinates"": [-78.9641644115354, 35.0735014512249]}";35.0735014512, -78.9641644115
1084;103971215.0;CUMBERLAND;25.0;FAYETTEVILLE;COUNTRY CLUB;0.028;W;MCCOWAN;LAKECREST;US 401;2000040130.0;12.722000000000001;US 401;US;K;2013-11-25T20:00:00-05:00;TUESDAY;1899-12-29T19:09:21-05:00;DAYLIGHT;WET;UNK;N;Y;N;Y;Y;FRONTAL_IMPACT;NO ERROR;"{""type"": ""Point"", ""coordinates"": [-78.9050620534044, 35.10067287311441]}";35.1006728731, -78.9050620534
1096;103122044.0;CUMBERLAND;25.0;FAYETTEVILLE;SKIBO;0.0;N;LEGEND;MCPHERSON CH;US 401;2000040130.0;9.17;US 401;US;K;2011-03-24T21:00:00-04:00;FRIDAY;1899-12-29T19:09:21-05:00;DARK - LIGHTED ROADWAY;DRY;N;N;N;N;N;N;FRONTAL_IMPACT;NO ERROR;"{""type"": ""Point"", ""coordinates"": [-78.95587204128344, 35.07999764625816]}";35.0799976463, -78.9558720413
1074;103593662.0;CUMBERLAND;25.0;FAYETTEVILLE;US 401;0.4;N;SR 1658;SR 1710;US 401;2000040130.0;18.77;US 401;US;K;2012-11-06T20:00:00-05:00;WEDNESDAY;1899-12-29T19:09:21-05:00;DARK - ROADWAY NOT LIGHTED;DRY;N;N;N;N;N;N;PEDESTRIAN;NO ERROR;"{""type"": ""Point"", ""coordinates"": [-78.8627820087932, 35.16766192036229]}";35.1676619204, -78.8627820088
1093;102780382.0;CUMBERLAND;25.0;FAYETTEVILLE;PAMALEE;0.0;;HELEN;COMMONWEALTH;US 401;2000040130.0;11.120000000000001;US 401;US;K;2010-01-05T20:00:00-05:00;WEDNESDAY;1899-12-29T19:09:21-05:00;DARK - LIGHTED ROADWAY;DRY;N;N;N;N;N;N;FRONTAL_IMPACT;NO ERROR;"{""type"": ""Point"", ""coordinates"": [-78.92656986684756, 35.08838131191243]}";35.0883813119, -78.9265698668
1097;103556361.0;CUMBERLAND;25.0;FAYETTEVILLE;CLIFFDALE;0.0;;JENNINGS FARM;JENNINGS FARM;SR 1400;4000140030.0;6.05;SR 1400;SR;K;2012-09-06T22:00:00-04:00;FRIDAY;1899-12-29T19:09:21-05:00;DAYLIGHT;DRY;N;Y;N;N;N;N;OTHER;NO ERROR;"{""type"": ""Point"", ""coordinates"": [-78.99050744052163, 35.058484231094155]}";35.0584842311, -78.9905074405
1052;104007492.0;CUMBERLAND;25.0;FAYETTEVILLE;RAMSEY;0.019;S;NORTHWEST;CIRCLE;US 401BUS;2900040130.0;8.981;US 401BUS;US;K;2014-03-04T20:00:00-05:00;WEDNESDAY;1899-12-29T19:09:21-05:00;DARK - LIGHTED ROADWAY;DRY;Y;N;N;N;N;N;LANE_DEPARTURE;NO ERROR;"{""type"": ""Point"", ""coordinates"": [-78.8772832160313, 35.09549954345939]}";35.0954995435, -78.877283216
1049;103787170.0;CUMBERLAND;25.0;FAYETTEVILLE;YADKIN;0.16;N;NATHAN;CIMARRON;SR 1415;4000141530.0;1.18;SR 1415;SR;K;2013-03-13T21:00:00-04:00;THURSDAY;1899-12-29T19:09:21-05:00;DARK - LIGHTED ROADWAY;DRY;N;N;N;N;N;N;LANE_DEPARTURE;NO ERROR;"{""type"": ""Point"", ""coordinates"": [-78.97617085401966, 35.08521479720685]}";35.0852147972, -78.976170854
1037;103216072.0;CURRITUCK;26.0;KITTY HAWK;NC 168;0.1;N;SR 1221;SR 1216;NC 168;3000016830.0;15.035;NC 168;NC;K;2011-07-30T22:00:00-04:00;SUNDAY;1899-12-29T19:09:21-05:00;DARK - ROADWAY NOT LIGHTED;DRY;N;N;N;N;N;Y;OTHER;NO ERROR;"{""type"": ""Point"", ""coordinates"": [-76.16215190046432, 36.51073184660899]}";36.5107318466, -76.1621519005
1027;103775566.0;CUMBERLAND;25.0;FAYETTEVILLE;NC 53;0.2;W;SR 2225;SR 2023;NC 53;3000005330.0;7.26;NC 53;NC;K;2013-06-05T22:00:00-04:00;THURSDAY;1899-12-29T19:09:21-05:00;DAYLIGHT;WET;UNK;N;N;Y;N;N;LANE_DEPARTURE;NO ERROR;"{""type"": ""Point"", ""coordinates"": [-78.75033992301702, 34.9483454690687]}";34.9483454691, -78.750339923
1057;103201008.0;CURRITUCK;26.0;KITTY HAWK;US 158;3.3000000000000003;S;SR 1140;NC 136;US 158;2000015830.0;16.882;US 158;US;K;2011-06-23T22:00:00-04:00;FRIDAY;1899-12-29T19:09:21-05:00;DAYLIGHT;DRY;N;N;N;N;Y;N;REAR_END;NO ERROR;"{""type"": ""Point"", ""coordinates"": [-75.9134678729129, 36.27823866345335]}";36.2782386635, -75.9134678729
1031;103702968.0;CUMBERLAND;25.0;STEDMAN;NC 24;0.1;E;FIRST;SR 2022;NC 24;3000002430.0;25.35;NC 24;NC;K;2013-03-09T20:00:00-05:00;SUNDAY;1899-12-29T19:09:21-05:00;DAYLIGHT;DRY;Y;Y;N;N;N;N;REAR_END;NO ERROR;"{""type"": ""Point"", ""coordinates"": [-78.69168466741405, 35.012679420436825]}";35.0126794204, -78.6916846674
1018;103286806.0;CUMBERLAND;25.0;FAYETTEVILLE;CEDAR CREEK;0.0;;DECENT;FIELDS;NC 53;3000005330.0;13.68;NC 53;NC;K;2011-10-12T22:00:00-04:00;THURSDAY;1899-12-29T19:09:21-05:00;DARK - LIGHTED ROADWAY;DRY;N;N;N;N;Y;N;PEDESTRIAN;NO ERROR;"{""type"": ""Point"", ""coordinates"": [-78.82695661661221, 35.0089483253797]}";35.0089483254, -78.8269566166
1064;103778744.0;CUMBERLAND;25.0;FAYETTEVILLE;US 401;0.0;;SR 1609;SR 1702;US 401;2000040130.0;24.38;US 401;US;K;2013-06-05T22:00:00-04:00;THURSDAY;1899-12-29T19:09:21-05:00;DAYLIGHT;WET;UNK;N;Y;N;N;N;FRONTAL_IMPACT;NO ERROR;"{""type"": ""Point"", ""coordinates"": [-78.8248177592912, 35.240697002577456]}";35.2406970026, -78.8248177593
1053;102957668.0;DARE;27.0;SOUTHERN SHORES;DUCK;0.0;;DOGWOOD;PERIWINKLE;NC 12;3000001230.0;79.257;NC 12;NC;K;2010-08-17T22:00:00-04:00;WEDNESDAY;1899-12-29T19:09:21-05:00;DAYLIGHT;DRY;N;N;N;N;Y;N;FRONTAL_IMPACT;NO ERROR;"{""type"": ""Point"", ""coordinates"": [-75.72773174614798, 36.12545661219013]}";36.1254566122, -75.7277317461
702;103300565.0;BUNCOMBE;10.0;ASHEVILLE;SR 3254;0.3;S;SR 3255;DEAD END;SR 3254;4000325410.0;0.02;SR 3254;SR;K;2011-11-06T20:00:00-05:00;MONDAY;1899-12-29T19:09:21-05:00;DARK - ROADWAY NOT LIGHTED;DRY;N;N;N;N;N;Y;LANE_DEPARTURE;NO ERROR;"{""type"": ""Point"", ""coordinates"": [-82.50497398219235, 35.47106497731488]}";35.4710649773, -82.5049739822
728;103351018.0;CALDWELL;13.0;HUDSON;SR 1133;0.2;S;SR 1156;SR 1131;SR 1133;4000113310.0;0.98;SR 1133;SR;K;2012-01-09T20:00:00-05:00;TUESDAY;1899-12-29T19:09:21-05:00;DARK - ROADWAY NOT LIGHTED;DRY;N;N;N;N;N;N;LANE_DEPARTURE;NO ERROR;"{""type"": ""Point"", ""coordinates"": [-81.5170948831716, 35.84449018737956]}";35.8444901874, -81.5170948832
723;102928682.0;CABARRUS;12.0;CONCORD;POPLAR TENT;0.002;W;CONCORD;EVA;SR 1394;4000139410.0;0.002;SR 1394;SR;K;2010-07-22T22:00:00-04:00;FRIDAY;1899-12-29T19:09:21-05:00;DARK - LIGHTED ROADWAY;DRY;N;N;N;N;Y;N;LANE_DEPARTURE;NO ERROR;"{""type"": ""Point"", ""coordinates"": [-80.61313050161314, 35.41437736514856]}";35.4143773651, -80.6131305016