OBJECTID;CRSH_ID;COUNTY;COUNTY_NBR;MUNCIPALIT;ON_RD;DIS;DIR;FROM_RD;TWDS_RD;MLPST_RD;GIS_MP_ROU;MILEPOST;HO_ROUTE_N;HO_ROUTE_C;SEV;CRASH_DATE;DAY;TIME;LIGHT_COND;ROAD_SURFA;ALCOHOL_FL;MOTORCYCLE;HEAVY_TRUC;SPEED_RELA;OLDER_DRIV;TEEN_DRIVE;CRASH_TYPE;LOC_ERROR;geo_shape;geo_point_2d
705;103720573.0;CARTERET;15.0;BEAUFORT;US 70;0.11;W;SR 1347;SR 1332;US 70;2000007020.0;30.07;US 70;US;K;2013-04-07T22:00:00-04:00;MONDAY;1899-12-29T19:09:21-05:00;DAYLIGHT;DRY;N;N;N;Y;N;N;LANE_DEPARTURE;NO ERROR;"{""type"": ""Point"", ""coordinates"": [-76.52700771078683, 34.7603940967353]}";34.7603940967, -76.5270077108
730;103019071.0;CATAWBA;17.0;CATAWBA;I 40;0.2;W;*MILE 138;*MILE 137;I 40;1000004020.0;18.043;I 40;INTERSTATE;K;2010-11-16T20:00:00-05:00;WEDNESDAY;1899-12-29T19:09:21-05:00;DAYLIGHT;DRY;N;N;N;N;N;N;OTHER;NO ERROR;"{""type"": ""Point"", ""coordinates"": [-81.10263788381907, 35.73398787518842]}";35.7339878752, -81.1026378838
712;102875669.0;BURKE;11.0;MORGANTON;SR 1405;1.4000000000000001;NE;SR 1423;SR 1424;SR 1405;4000140510.0;1.75;SR 1405;SR;K;2010-05-29T22:00:00-04:00;SUNDAY;1899-12-29T19:09:21-05:00;DAYLIGHT;DRY;Y;N;N;Y;N;N;OTHER;NO ERROR;"{""type"": ""Point"", ""coordinates"": [-81.7483190425077, 35.87586761283664]}";35.8758676128, -81.7483190425
672;103119780.0;CABARRUS;12.0;KANNAPOLIS;MAIN;0.0;;ELWOOD;*;SR 1008;4000100810.0;2.116;SR 1008;SR;K;2011-03-19T21:00:00-04:00;SUNDAY;1899-12-29T19:09:21-05:00;DAYLIGHT;DRY;N;N;N;N;N;N;REAR_END;NO ERROR;"{""type"": ""Point"", ""coordinates"": [-80.62305380703557, 35.467310504807415]}";35.4673105048, -80.623053807
697;104071118.0;BURKE;11.0;VALDESE;SR 1728;0.5;S;SR 1728;SR 1722;SR 1728;4000172810.0;999.999;SR 1728;SR;K;2014-05-26T22:00:00-04:00;TUESDAY;1899-12-29T19:09:21-05:00;DAYLIGHT;DRY;Y;N;N;N;N;N;LANE_DEPARTURE;ROUTE MEASURE NOT FOUND;;
717;103044154.0;BUNCOMBE;10.0;ASHEVILLE;PINEY MOUNTAIN;5.0;S;CHUNNS COVE;PINERIDGE;;5002426010.0;999.999;PINEY MOUNTAIN;LCL;K;2010-11-25T20:00:00-05:00;FRIDAY;1899-12-29T19:09:21-05:00;DARK - ROADWAY NOT LIGHTED;DRY;N;N;N;N;N;N;PEDALCYCLIST;ROUTE NOT FOUND;;
1248;103271079.0;COLUMBUS;23.0;BOLTON;SR 1849;0.039;N;SR 1825;SR 1872;SR 1849;4000184920.0;1.231;SR 1849;SR;K;2011-10-09T22:00:00-04:00;MONDAY;1899-12-29T19:09:21-05:00;DARK - ROADWAY NOT LIGHTED;WET;Y;N;N;Y;N;N;LANE_DEPARTURE;NO ERROR;"{""type"": ""Point"", ""coordinates"": [-78.2177747507099, 34.297155752145244]}";34.2971557521, -78.2177747507
1201;103191904.0;CRAVEN;24.0;NEW BERN;NC 55;0.6;E;SR 1232;SR 1445;NC 55;3000005520.0;22.09;NC 55;NC;K;2011-06-12T22:00:00-04:00;MONDAY;1899-12-29T19:09:21-05:00;DARK - ROADWAY NOT LIGHTED;DRY;Y;N;N;Y;N;Y;LANE_DEPARTURE;NO ERROR;"{""type"": ""Point"", ""coordinates"": [-77.24799831093152, 35.244046639524164]}";35.2440466395, -77.2479983109
1253;102870823.0;COLUMBUS;23.0;LAKE WACCAMAW;SR 1740;1.1;NE;SR 1739;SR 1731;SR 1740;4000174020.0;15.984;SR 1740;SR;K;2010-05-23T22:00:00-04:00;MONDAY;1899-12-29T19:09:21-05:00;DAYLIGHT;WET;N;N;N;Y;Y;Y;LANE_DEPARTURE;NO ERROR;"{""type"": ""Point"", ""coordinates"": [-78.4880188768701, 34.351158003574064]}";34.3511580036, -78.4880188769
1231;103350020.0;CRAVEN;24.0;NEW BERN;US 70;0.9;NE;SR 1224;SR 1225;US 70;2000007020.0;6.13;US 70;US;K;2011-12-29T20:00:00-05:00;FRIDAY;1899-12-29T19:09:21-05:00;DARK - ROADWAY NOT LIGHTED;DRY;N;N;N;N;N;N;REAR_END;NO ERROR;"{""type"": ""Point"", ""coordinates"": [-77.2296128268466, 35.15555300033801]}";35.1555530003, -77.2296128268
1224;103205691.0;CRAVEN;24.0;HAVELOCK;US 70;0.011000000000000001;E;SR 1772;SR 1745;US 70;2000007020.0;30.801000000000002;US 70;US;K;2011-07-15T22:00:00-04:00;SATURDAY;1899-12-29T19:09:21-05:00;DAYLIGHT;DRY;N;N;N;N;N;N;LANE_DEPARTURE;NO ERROR;"{""type"": ""Point"", ""coordinates"": [-76.94822581679591, 34.92831017530282]}";34.9283101753, -76.9482258168
1198;104089731.0;CRAVEN;24.0;NEW BERN;NC 55;0.003;E;SR 1275;SR 1276;NC 55;3000005520.0;30.327;NC 55;NC;K;2014-06-03T22:00:00-04:00;WEDNESDAY;1899-12-29T19:09:21-05:00;DAYLIGHT;DRY;UNK;N;N;Y;N;N;LANE_DEPARTURE;NO ERROR;"{""type"": ""Point"", ""coordinates"": [-77.36033312786378, 35.30442738084142]}";35.3044273808, -77.3603331279
1195;103276626.0;CRAVEN;24.0;HAVELOCK;NC 101;0.08700000000000001;N;SHIPMAN;WEBB;NC 101;3000010120.0;8.589;NC 101;NC;K;2011-09-09T22:00:00-04:00;SATURDAY;1899-12-29T19:09:21-05:00;DAYLIGHT;DRY;N;Y;N;N;N;N;LANE_DEPARTURE;NO ERROR;"{""type"": ""Point"", ""coordinates"": [-76.89275006746645, 34.88244309766749]}";34.8824430977, -76.8927500675
1255;102830900.0;COLUMBUS;23.0;BOLTON;SR 1740;0.5;E;SR 1801;SR 1808;SR 1740;4000174020.0;9.52;SR 1740;SR;K;2010-04-04T22:00:00-04:00;MONDAY;1899-12-29T19:09:21-05:00;DAYLIGHT;DRY;Y;N;N;N;N;N;LANE_DEPARTURE;NO ERROR;"{""type"": ""Point"", ""coordinates"": [-78.38391871663677, 34.3712269802413]}";34.3712269802, -78.3839187166
1228;103911055.0;CRAVEN;24.0;HAVELOCK;US 70;0.0;;SR 1104;SR 1156;US 70;2000007020.0;25.78;US 70;US;K;2013-11-19T20:00:00-05:00;WEDNESDAY;1899-12-29T19:09:21-05:00;DARK - ROADWAY NOT LIGHTED;DRY;Y;N;N;N;N;N;PEDESTRIAN;NO ERROR;"{""type"": ""Point"", ""coordinates"": [-76.98263934278879, 34.99012082551584]}";34.9901208255, -76.9826393428
1234;104047424.0;DAVIDSON;28.0;DENTON;NC 109;0.0;;SR 2416;SR 2336;NC 109;3000010930.0;999.999;NC 109;NC;K;2014-05-03T22:00:00-04:00;SUNDAY;1899-12-29T19:09:21-05:00;DAYLIGHT;DRY;N;N;N;N;Y;N;FRONTAL_IMPACT;ROUTE MEASURE NOT FOUND;;
1297;104056162.0;COLUMBUS;23.0;WHITEVILLE;SR 1004;0.3;E;SR 1336;SR 1430;SR 1004;4000100420.0;16.889;SR 1004;SR;K;2014-05-09T22:00:00-04:00;SATURDAY;1899-12-29T19:09:21-05:00;DARK - ROADWAY NOT LIGHTED;DRY;Y;N;N;Y;N;N;LANE_DEPARTURE;NO ERROR;"{""type"": ""Point"", ""coordinates"": [-78.75268498144351, 34.27549804914667]}";34.2754980491, -78.7526849814
1289;103361288.0;COLUMBUS;23.0;WHITEVILLE;SR 1157;0.1;E;US 701;SR 1141;SR 1157;4000115720.0;5.68;SR 1157;SR;K;2012-01-19T20:00:00-05:00;FRIDAY;1899-12-29T19:09:21-05:00;DARK - ROADWAY NOT LIGHTED;DRY;N;N;N;N;N;N;LANE_DEPARTURE;NO ERROR;"{""type"": ""Point"", ""coordinates"": [-78.75927426424856, 34.20708313245752]}";34.2070831325, -78.7592742642
1299;103302318.0;COLUMBUS;23.0;WHITEVILLE;SR 1004;0.3;E;SR 1005;SR 1335;SR 1004;4000100420.0;14.679;SR 1004;SR;K;2011-11-12T20:00:00-05:00;SUNDAY;1899-12-29T19:09:21-05:00;DARK - ROADWAY NOT LIGHTED;DRY;N;N;N;N;N;N;LANE_DEPARTURE;NO ERROR;"{""type"": ""Point"", ""coordinates"": [-78.78909425496707, 34.26799206750716]}";34.2679920675, -78.789094255
1300;103923690.0;COLUMBUS;23.0;CHADBOURN;SR 1004;0.3;W;NC 410;SR 1317;SR 1004;4000100420.0;12.780000000000001;SR 1004;SR;K;2013-12-02T20:00:00-05:00;TUESDAY;1899-12-29T19:09:21-05:00;DAYLIGHT;DRY;N;N;N;N;Y;N;LANE_DEPARTURE;NO ERROR;"{""type"": ""Point"", ""coordinates"": [-78.82084846360854, 34.26372576595638]}";34.263725766, -78.8208484636
1304;103087987.0;DAVIDSON;28.0;LEXINGTON;SR 1139;0.038;E;SR 1140;SR 1147;SR 1139;4000113930.0;2.898;SR 1139;SR;K;2010-06-25T22:00:00-04:00;SATURDAY;1899-12-29T19:09:21-05:00;DAYLIGHT;DRY;N;N;N;Y;N;N;LANE_DEPARTURE;NO ERROR;"{""type"": ""Point"", ""coordinates"": [-80.40775022705289, 35.73113550299143]}";35.731135503, -80.4077502271
1302;103782789.0;CURRITUCK;26.0;KITTY HAWK;US 158;0.1;S;SR 1127;SR 1124;US 158;2000015830.0;22.482;US 158;US;K;2013-06-22T22:00:00-04:00;SUNDAY;1899-12-29T19:09:21-05:00;DAYLIGHT;WET;N;N;N;Y;N;Y;LANE_DEPARTURE;NO ERROR;"{""type"": ""Point"", ""coordinates"": [-75.8656034883168, 36.21005756689706]}";36.2100575669, -75.8656034883
1257;103639185.0;COLUMBUS;23.0;WHITEVILLE;SR 1722;0.2;N;SR 1746;SR 1703;SR 1722;4000172220.0;1.94;SR 1722;SR;K;2012-12-27T20:00:00-05:00;FRIDAY;1899-12-29T19:09:21-05:00;DAYLIGHT;DRY;N;N;N;Y;N;Y;LANE_DEPARTURE;NO ERROR;"{""type"": ""Point"", ""coordinates"": [-78.63919931629043, 34.403251690262636]}";34.4032516903, -78.6391993163
1284;104054230.0;DAVIDSON;28.0;LEXINGTON;SR 1242;0.029;E;SR 1552;SR 1425;SR 1242;4000124230.0;0.249;SR 1242;SR;K;2014-05-01T22:00:00-04:00;FRIDAY;1899-12-29T19:09:21-05:00;DAYLIGHT;DRY;N;N;N;N;N;N;LANE_DEPARTURE;NO ERROR;"{""type"": ""Point"", ""coordinates"": [-80.30713391714855, 35.87805910643887]}";35.8780591064, -80.3071339171
1290;103513244.0;DAVIDSON;28.0;DENTON;NC 47;0.3;NW;SR 2520;SR 2575;NC 47;3000004730.0;22.052;NC 47;NC;K;2012-08-02T22:00:00-04:00;FRIDAY;1899-12-29T19:09:21-05:00;DAYLIGHT;DRY;Y;N;N;Y;N;N;LANE_DEPARTURE;NO ERROR;"{""type"": ""Point"", ""coordinates"": [-80.07072688964301, 35.614499826752386]}";35.6144998268, -80.0707268896
589;103161621.0;BURKE;11.0;HILDEBRAN;SR 1893;0.026000000000000002;W;SR 2539;DEAD END;SR 1893;4000189310.0;0.561;SR 1893;SR;K;2011-05-20T22:00:00-04:00;SATURDAY;1899-12-29T19:09:21-05:00;DARK - ROADWAY NOT LIGHTED;DRY;N;N;N;N;N;N;LANE_DEPARTURE;NO ERROR;"{""type"": ""Point"", ""coordinates"": [-81.48061485395594, 35.71271519014853]}";35.7127151901, -81.480614854
592;103865661.0;CASWELL;16.0;YANCEYVILLE;NC 119;1.4000000000000001;N;SR 1564;SR 1562;NC 119;3000011920.0;19.330000000000002;NC 119;NC;K;2013-10-03T22:00:00-04:00;FRIDAY;1899-12-29T19:09:21-05:00;DARK - ROADWAY NOT LIGHTED;DRY;Y;N;N;Y;N;N;LANE_DEPARTURE;NO ERROR;"{""type"": ""Point"", ""coordinates"": [-79.17617674332574, 36.47390862481891]}";36.4739086248, -79.1761767433
585;103833842.0;CATAWBA;17.0;HICKORY;SR 1453;0.07400000000000001;N;SR 1512;SR 1511;SR 1453;4000145320.0;5.747;SR 1453;SR;K;2013-08-15T22:00:00-04:00;FRIDAY;1899-12-29T19:09:21-05:00;DARK - ROADWAY NOT LIGHTED;DRY;N;N;N;N;N;Y;FRONTAL_IMPACT;NO ERROR;"{""type"": ""Point"", ""coordinates"": [-81.23058847830816, 35.78300302741636]}";35.7830030274, -81.2305884783
607;103835649.0;CHATHAM;18.0;GOLDSTON;SR 2306;0.2;N;SR 2140;SR 2305;SR 2306;4000230620.0;2.1550000000000002;SR 2306;SR;K;2013-08-26T22:00:00-04:00;TUESDAY;1899-12-29T19:09:21-05:00;DARK - ROADWAY NOT LIGHTED;DRY;N;N;N;N;N;N;PEDESTRIAN;NO ERROR;"{""type"": ""Point"", ""coordinates"": [-79.33471952537822, 35.54700536502301]}";35.547005365, -79.3347195254
605;103756461.0;CABARRUS;12.0;CONCORD;US 601;0.1;S;SR 1150;SR 2630;US 601;2000060110.0;10.31;US 601;US;K;2013-05-15T22:00:00-04:00;THURSDAY;1899-12-29T19:09:21-05:00;DAYLIGHT;DRY;N;N;N;N;Y;N;LANE_DEPARTURE;NO ERROR;"{""type"": ""Point"", ""coordinates"": [-80.51908133134754, 35.337188300414844]}";35.3371883004, -80.5190813313
604;103756918.0;CATAWBA;17.0;LONG VIEW;SECOND;0.0;N;23RD;24TH;SR 1306;4000130620.0;0.56;SR 1306;SR;K;2013-05-13T22:00:00-04:00;TUESDAY;1899-12-29T19:09:21-05:00;DAYLIGHT;DRY;N;N;N;N;Y;N;FRONTAL_IMPACT;NO ERROR;"{""type"": ""Point"", ""coordinates"": [-81.37749686171793, 35.73636116253778]}";35.7363611625, -81.3774968617
581;103131706.0;CABARRUS;12.0;KANNAPOLIS;SR 2411;0.17;S;SR 2473;SR 2402;SR 2411;4000241110.0;999.999;SR 2411;SR;K;2011-04-07T22:00:00-04:00;FRIDAY;1899-12-29T19:09:21-05:00;DAYLIGHT;DRY;N;N;N;N;N;Y;LANE_DEPARTURE;ROUTE MEASURE NOT FOUND;;
610;102922259.0;CALDWELL;13.0;LENOIR;BLOWING ROCK;0.056;S;HOSPITAL;COMMERCIAL;US 321;2000032110.0;14.388;US 321;US;K;2010-07-26T22:00:00-04:00;TUESDAY;1899-12-29T19:09:21-05:00;DARK - LIGHTED ROADWAY;DRY;N;N;N;N;N;N;PEDESTRIAN;NO ERROR;"{""type"": ""Point"", ""coordinates"": [-81.52480395814443, 35.92017147574687]}";35.9201714757, -81.5248039581
641;103169446.0;BUNCOMBE;10.0;ASHEVILLE;SR 3484;0.5;S;SR 3480;*PVA RICE PINNACLE RD;SR 3484;4000348410.0;0.769;SR 3484;SR;K;2011-06-01T22:00:00-04:00;THURSDAY;1899-12-29T19:09:21-05:00;DAYLIGHT;DRY;Y;N;N;Y;N;N;LANE_DEPARTURE;NO ERROR;"{""type"": ""Point"", ""coordinates"": [-82.60617234092199, 35.50170181966664]}";35.5017018197, -82.6061723409
632;104076162.0;CABARRUS;12.0;HARRISBURG;MOREHEAD;0.2;S;HUDSPETH;CARVING TREE;SR 1300;4000130010.0;1.5030000000000001;SR 1300;SR;K;2014-05-16T22:00:00-04:00;SATURDAY;1899-12-29T19:09:21-05:00;DAYLIGHT;DRY;UNK;Y;N;N;N;N;FRONTAL_IMPACT;NO ERROR;"{""type"": ""Point"", ""coordinates"": [-80.674841691715, 35.33891365271467]}";35.3389136527, -80.6748416917
658;103050743.0;CABARRUS;12.0;CONCORD;I 85;0.4;S;SR 1394;SR 2894;I 85;1000008510.0;2.6;I 85;INTERSTATE;K;2010-12-19T20:00:00-05:00;MONDAY;1899-12-29T19:09:21-05:00;DARK - ROADWAY NOT LIGHTED;DRY;N;Y;N;N;N;N;SIDESWIPE;NO ERROR;"{""type"": ""Point"", ""coordinates"": [-80.70049300435235, 35.39642787778735]}";35.3964278778, -80.7004930044
616;103597582.0;CARTERET;15.0;MOREHEAD CITY;US 70;0.171;W;BALD;LOCKHART;US 70;2000007020.0;12.289;US 70;US;K;2012-05-05T22:00:00-04:00;SUNDAY;1899-12-29T19:09:21-05:00;DARK - LIGHTED ROADWAY;WET;Y;N;N;Y;N;N;LANE_DEPARTURE;NO ERROR;"{""type"": ""Point"", ""coordinates"": [-76.76159643161652, 34.72493061636813]}";34.7249306164, -76.7615964316
626;102935662.0;CATAWBA;17.0;HICKORY;US 321;0.25;S;SR 1144;NC 10;US 321;2000032120.0;10.329;US 321;US;K;2010-08-05T22:00:00-04:00;FRIDAY;1899-12-29T19:09:21-05:00;DARK - ROADWAY NOT LIGHTED;DRY;N;N;Y;N;N;N;PEDESTRIAN;NO ERROR;"{""type"": ""Point"", ""coordinates"": [-81.3384543093007, 35.676396409320844]}";35.6763964093, -81.3384543093
636;102879475.0;CABARRUS;12.0;CONCORD;I 85;0.8;S;SR 1790;NC 73;I 85;1000008510.0;7.408;I 85;INTERSTATE;K;2010-05-26T22:00:00-04:00;THURSDAY;1899-12-29T19:09:21-05:00;DAYLIGHT;DRY;N;N;N;N;N;N;LANE_DEPARTURE;NO ERROR;"{""type"": ""Point"", ""coordinates"": [-80.63967545698362, 35.43878234361007]}";35.4387823436, -80.639675457
660;102965036.0;CHATHAM;18.0;SILER CITY;SR 1004;0.1;S;SR 1332;SR 1316;SR 1004;4000100420.0;5.752000000000001;SR 1004;SR;K;2010-09-12T22:00:00-04:00;MONDAY;1899-12-29T19:09:21-05:00;DAYLIGHT;DRY;N;N;N;N;N;N;LANE_DEPARTURE;NO ERROR;"{""type"": ""Point"", ""coordinates"": [-79.44311505384007, 35.764154571206575]}";35.7641545712, -79.4431150538
623;103774945.0;CHEROKEE;19.0;ANDREWS;US 19;0.5;N;SR 1635;SR 1503;US 19;2000001920.0;29.13;US 19;US;K;2013-06-08T22:00:00-04:00;SUNDAY;1899-12-29T19:09:21-05:00;DAYLIGHT;WET;Y;N;N;N;N;N;SIDESWIPE;NO ERROR;"{""type"": ""Point"", ""coordinates"": [-83.75771565819396, 35.21254357886414]}";35.2125435789, -83.7577156582
615;104159721.0;CATAWBA;17.0;NEWTON;SR 1844;0.0;;SR 1936;SR 1899;SR 1844;4000184420.0;0.99;SR 1844;SR;K;2014-09-05T22:00:00-04:00;SATURDAY;1899-12-29T19:09:21-05:00;DARK - ROADWAY NOT LIGHTED;DRY;Y;N;N;N;N;N;OTHER;NO ERROR;"{""type"": ""Point"", ""coordinates"": [-80.99050219566321, 35.55751974609525]}";35.5575197461, -80.9905021957
663;104168256.0;BUNCOMBE;10.0;ASHEVILLE;SR 3449;0.019;S;SR 3446;SR 3467;SR 3449;4000344910.0;1.2850000000000001;SR 3449;SR;K;2014-09-23T22:00:00-04:00;WEDNESDAY;1899-12-29T19:09:21-05:00;DARK - ROADWAY NOT LIGHTED;WET;N;N;N;N;N;N;OTHER;NO ERROR;"{""type"": ""Point"", ""coordinates"": [-82.68658312724115, 35.52051384747223]}";35.5205138475, -82.6865831272
693;103153118.0;CALDWELL;13.0;HUDSON;HICKORY;0.01;E;MOUNT HERMAN;PINE MOUNTAIN;US 321;2000032110.0;9.323;US 321;US;K;2011-04-18T22:00:00-04:00;TUESDAY;1899-12-29T19:09:21-05:00;DAYLIGHT;DRY;N;N;N;N;Y;N;FRONTAL_IMPACT;NO ERROR;"{""type"": ""Point"", ""coordinates"": [-81.48600143046984, 35.85832165536933]}";35.8583216554, -81.4860014305
718;104049923.0;CABARRUS;12.0;CONCORD;WILSHIRE;0.021;E;SPRING;UNION;SR 1157;4000115710.0;4.029;SR 1157;SR;K;2014-04-09T22:00:00-04:00;THURSDAY;1899-12-29T19:09:21-05:00;DARK - LIGHTED ROADWAY;DRY;N;N;N;N;Y;N;PEDESTRIAN;NO ERROR;"{""type"": ""Point"", ""coordinates"": [-80.56911283614755, 35.39567160120862]}";35.3956716012, -80.5691128361
674;104092055.0;CABARRUS;12.0;MIDLAND;NC 24;0.035;E;HOLT-KAY;BETHEL SCHOOL;NC 24;3000002410.0;4.389;NC 24;NC;K;2014-05-21T22:00:00-04:00;THURSDAY;1899-12-29T19:09:21-05:00;DAYLIGHT;DRY;N;N;N;N;N;N;LANE_DEPARTURE;NO ERROR;"{""type"": ""Point"", ""coordinates"": [-80.52901059434322, 35.24968652202631]}";35.249686522, -80.5290105943
692;103269988.0;BURKE;11.0;DREXEL;SR 1515;1.8;N;SR 1513;CL-CALDWELL;SR 1515;4000151510.0;0.6950000000000001;SR 1515;SR;K;2011-10-06T22:00:00-04:00;FRIDAY;1899-12-29T19:09:21-05:00;DAYLIGHT;DRY;N;N;N;Y;N;Y;LANE_DEPARTURE;NO ERROR;"{""type"": ""Point"", ""coordinates"": [-81.59036319988564, 35.79851668356071]}";35.7985166836, -81.5903631999
700;103074462.0;CASWELL;16.0;YANCEYVILLE;NC 62;0.54;S;SR 1783;SR 1751;NC 62;3000006220.0;6.936;NC 62;NC;K;2011-01-22T20:00:00-05:00;SUNDAY;1899-12-29T19:09:21-05:00;DAYLIGHT;DRY;N;N;N;N;N;Y;LANE_DEPARTURE;NO ERROR;"{""type"": ""Point"", ""coordinates"": [-79.34928667866231, 36.32366958062867]}";36.3236695806, -79.3492866787
698;103038280.0;CALDWELL;13.0;LENOIR;US 321;1.3;N;SR 1372;SR 1421;US 321;2000032110.0;27.874000000000002;US 321;US;K;2010-12-03T20:00:00-05:00;SATURDAY;1899-12-29T19:09:21-05:00;DAYLIGHT;SLUSH;N;N;N;Y;Y;N;OTHER;NO ERROR;"{""type"": ""Point"", ""coordinates"": [-81.6232567536845, 36.0742827855593]}";36.0742827856, -81.6232567537
706;104124757.0;CATAWBA;17.0;NEWTON;SR 1002;1.7;S;NC 10;SR 1124;SR 1002;4000100220.0;10.754000000000001;SR 1002;SR;K;2014-08-06T22:00:00-04:00;THURSDAY;1899-12-29T19:09:21-05:00;DARK - ROADWAY NOT LIGHTED;DRY;Y;N;N;N;N;N;LANE_DEPARTURE;ROUTE MEASURE NOT FOUND;;
689;103226988.0;CALDWELL;13.0;LENOIR;SR 1332;0.7000000000000001;S;SR 1328;CL-BURKE;SR 1332;4000133210.0;999.999;SR 1332;SR;K;2011-08-03T22:00:00-04:00;THURSDAY;1899-12-29T19:09:21-05:00;DAYLIGHT;DRY;N;Y;N;N;N;N;LANE_DEPARTURE;ROUTE MEASURE NOT FOUND;;
665;102819225.0;CATAWBA;17.0;CONOVER;CONOVER;0.0;;SEVENTH;*;CONOVER;5000679320.0;999.999;CONOVER;LCL;K;2010-03-18T21:00:00-04:00;FRIDAY;1899-12-29T19:09:21-05:00;DARK - LIGHTED ROADWAY;DRY;Y;N;N;N;N;N;LANE_DEPARTURE;ROUTE NOT FOUND;;
713;104200663.0;BUNCOMBE;10.0;ASHEVILLE;BILTMORE;0.003;S;SHORT COXE;WHITE FAWN;SR 3214;4000321410.0;0.14300000000000002;SR 3214;SR;K;2014-10-16T22:00:00-04:00;FRIDAY;1899-12-29T19:09:21-05:00;DARK - LIGHTED ROADWAY;DRY;Y;N;N;N;N;N;PEDESTRIAN;NO ERROR;"{""type"": ""Point"", ""coordinates"": [-82.55170155591581, 35.58639040121281]}";35.5863904012, -82.5517015559
722;104164504.0;BURKE;11.0;MORGANTON;I 40;0.2;E;*MILE 105;*MILE 106;I 40;1000004010.0;12.07;I 40;INTERSTATE;K;2014-09-18T22:00:00-04:00;FRIDAY;1899-12-29T19:09:21-05:00;DARK - LIGHTED ROADWAY;DRY;UNK;N;N;N;N;N;LANE_DEPARTURE;NO ERROR;"{""type"": ""Point"", ""coordinates"": [-81.65828345689755, 35.72165956257446]}";35.7216595626, -81.6582834569
747;103517000.0;CATAWBA;17.0;HICKORY;NC 127;0.3;S;42ND;FALLING CREEK;NC 127;3000012720.0;12.941;NC 127;NC;K;2012-07-28T22:00:00-04:00;SUNDAY;1899-12-29T19:09:21-05:00;DAYLIGHT;DRY;Y;Y;N;N;N;N;REAR_END;NO ERROR;"{""type"": ""Point"", ""coordinates"": [-81.32014052975595, 35.78380520821644]}";35.7838052082, -81.3201405298
686;103719623.0;CATAWBA;17.0;LONG VIEW;SR 1111;0.59;E;SR 1112;SR 1002;SR 1111;4000111120.0;2.407;SR 1111;SR;K;2013-04-06T22:00:00-04:00;SUNDAY;1899-12-29T19:09:21-05:00;DAYLIGHT;DRY;N;Y;N;N;N;N;OTHER;NO ERROR;"{""type"": ""Point"", ""coordinates"": [-81.47130329499828, 35.61945530316543]}";35.6194553032, -81.471303295
676;103246202.0;CATAWBA;17.0;NEWTON;NC 16;0.0;;SR 1746;SR 1739;NC 16;3000001620.0;12.713000000000001;NC 16;NC;K;2011-08-25T22:00:00-04:00;FRIDAY;1899-12-29T19:09:21-05:00;DAYLIGHT;DRY;N;N;N;N;Y;N;FRONTAL_IMPACT;NO ERROR;"{""type"": ""Point"", ""coordinates"": [-81.19427360063098, 35.68033775968288]}";35.6803377597, -81.1942736006
685;103159749.0;CARTERET;15.0;MOREHEAD CITY;US 70;1.0;E;THIRD;RADIO ISLAND;US 70;2000007020.0;999.999;US 70;US;K;2011-04-02T22:00:00-04:00;SUNDAY;1899-12-29T19:09:21-05:00;DARK - ROADWAY NOT LIGHTED;DRY;Y;N;N;N;N;N;REAR_END;ROUTE MEASURE NOT FOUND;;
755;104226318.0;CATAWBA;17.0;HICKORY;EIGHTH;0.0;;ELEVENTH;I 40;EIGHTH;5000945420.0;999.999;EIGHTH;LCL;K;2014-11-10T20:00:00-05:00;TUESDAY;1899-12-29T19:09:21-05:00;DARK - LIGHTED ROADWAY;DRY;UNK;Y;N;N;N;N;FRONTAL_IMPACT;ROUTE NOT FOUND;;