OBJECTID;CRSH_ID;COUNTY;COUNTY_NBR;MUNCIPALIT;ON_RD;DIS;DIR;FROM_RD;TWDS_RD;MLPST_RD;GIS_MP_ROU;MILEPOST;HO_ROUTE_N;HO_ROUTE_C;SEV;CRASH_DATE;DAY;TIME;LIGHT_COND;ROAD_SURFA;ALCOHOL_FL;MOTORCYCLE;HEAVY_TRUC;SPEED_RELA;OLDER_DRIV;TEEN_DRIVE;CRASH_TYPE;LOC_ERROR;geo_shape;geo_point_2d
767;103831744.0;BUNCOMBE;10.0;ASHEVILLE;SR 3116;0.08;E;ML-ASHEVILLE;SR 3121;SR 3116;4000311610.0;0.62;SR 3116;SR;K;2013-08-18T22:00:00-04:00;MONDAY;1899-12-29T19:09:21-05:00;DARK - ROADWAY NOT LIGHTED;WET;N;N;N;N;Y;N;PEDESTRIAN;NO ERROR;"{""type"": ""Point"", ""coordinates"": [-82.51197067436016, 35.496062384482066]}";35.4960623845, -82.5119706744
789;103332988.0;CATAWBA;17.0;LONG VIEW;SR 1002;0.1;N;SR 1122;SR 1123;SR 1002;4000100220.0;1.47;SR 1002;SR;K;2011-12-12T20:00:00-05:00;TUESDAY;1899-12-29T19:09:21-05:00;DARK - ROADWAY NOT LIGHTED;DRY;Y;N;N;Y;N;Y;LANE_DEPARTURE;NO ERROR;"{""type"": ""Point"", ""coordinates"": [-81.42656911590525, 35.66411244499645]}";35.664112445, -81.4265691159
773;102798373.0;CATAWBA;17.0;NEWTON;SR 2087;0.17;SW;SR 1008;SR 2087;SR 2087;4000208720.0;0.0;SR 2087;SR;K;2010-02-05T20:00:00-05:00;SATURDAY;1899-12-29T19:09:21-05:00;DARK - ROADWAY NOT LIGHTED;DRY;Y;N;N;N;N;N;PEDESTRIAN;NO ERROR;"{""type"": ""Point"", ""coordinates"": [-81.3167214561499, 35.60876602879319]}";35.6087660288, -81.3167214561
786;104184172.0;CABARRUS;12.0;CONCORD;ROCK HILL CH;0.01;NW;CAVALIER;CROSS BOW;SR 1414;4000141410.0;0.298;SR 1414;SR;K;2014-09-25T22:00:00-04:00;FRIDAY;1899-12-29T19:09:21-05:00;DAWN;DRY;N;N;N;N;N;N;LANE_DEPARTURE;NO ERROR;"{""type"": ""Point"", ""coordinates"": [-80.62016099898987, 35.39754433100966]}";35.397544331, -80.620160999
762;102879739.0;BURKE;11.0;MORGANTON;SR 1924;0.1;S;SR 1901;SR 1906;SR 1924;4000192410.0;3.0620000000000003;SR 1924;SR;K;2010-06-04T22:00:00-04:00;SATURDAY;1899-12-29T19:09:21-05:00;DAYLIGHT;DRY;N;N;N;N;Y;N;LANE_DEPARTURE;NO ERROR;"{""type"": ""Point"", ""coordinates"": [-81.56888871521907, 35.59717772299748]}";35.597177723, -81.5688887152
766;103640213.0;BURKE;11.0;GLEN ALPINE;US 70;0.25;W;SR 1206;SR 1233;US 70;2000007010.0;1.28;US 70;US;K;2012-12-29T20:00:00-05:00;SUNDAY;1899-12-29T19:09:21-05:00;DAYLIGHT;DRY;N;N;N;N;N;N;LANE_DEPARTURE;NO ERROR;"{""type"": ""Point"", ""coordinates"": [-81.84635323908765, 35.70626165233138]}";35.7062616523, -81.8463532391
771;103243518.0;BUNCOMBE;10.0;ASHEVILLE;SR 3075;0.17;N;SR 3056;SR 3069;SR 3075;4000307510.0;0.41000000000000003;SR 3075;SR;K;2011-08-26T22:00:00-04:00;SATURDAY;1899-12-29T19:09:21-05:00;DAYLIGHT;DRY;N;Y;N;Y;Y;N;OTHER;NO ERROR;"{""type"": ""Point"", ""coordinates"": [-82.502983393686, 35.55314528655977]}";35.5531452866, -82.5029833937
765;103268180.0;CASWELL;16.0;YANCEYVILLE;SR 1004;0.0;;SR 1771;SR 1767;SR 1004;4000100420.0;1.3900000000000001;SR 1004;SR;K;2011-09-27T22:00:00-04:00;WEDNESDAY;1899-12-29T19:09:21-05:00;DAYLIGHT;DRY;N;N;N;N;N;N;FRONTAL_IMPACT;NO ERROR;"{""type"": ""Point"", ""coordinates"": [-79.23498757634898, 36.26216857420189]}";36.2621685742, -79.2349875763
782;103279197.0;CALDWELL;13.0;LENOIR;US 321;0.0;;NC 268;SR 1561;US 321;2000032110.0;19.733;US 321;US;K;2011-10-18T22:00:00-04:00;WEDNESDAY;1899-12-29T19:09:21-05:00;DAYLIGHT;WET;N;N;N;N;Y;N;FRONTAL_IMPACT;NO ERROR;"{""type"": ""Point"", ""coordinates"": [-81.56539422049399, 35.98120271410269]}";35.9812027141, -81.5653942205
797;102858982.0;CHEROKEE;19.0;ANDREWS;US 19;1.1;E;SR 1501;SR 1359;US 19;2000001920.0;999.999;US 19;US;K;2010-05-07T22:00:00-04:00;SATURDAY;1899-12-29T19:09:21-05:00;DAYLIGHT;DRY;N;N;N;N;N;N;LANE_DEPARTURE;ROUTE MEASURE NOT FOUND;;
942;104120216.0;CUMBERLAND;25.0;FAYETTEVILLE;STONEY POINT;0.019;W;DONNIE MAE;BAREFOOT;SR 1112;4000111230.0;5.4990000000000006;SR 1112;SR;K;2014-06-15T22:00:00-04:00;MONDAY;1899-12-29T19:09:21-05:00;DARK - ROADWAY NOT LIGHTED;DRY;N;N;N;N;N;N;LANE_DEPARTURE;NO ERROR;"{""type"": ""Point"", ""coordinates"": [-79.03825236218948, 34.99591162702597]}";34.995911627, -79.0382523622
953;103699846.0;DARE;27.0;NAGS HEAD;US 158;0.128;S;EIGHTH;*LCL W SATTERFIELD LNDG;US 158;2000015830.0;11.455;US 158;US;K;2013-02-14T20:00:00-05:00;FRIDAY;1899-12-29T19:09:21-05:00;DARK - ROADWAY NOT LIGHTED;DRY;UNK;N;N;N;N;N;PEDESTRIAN;NO ERROR;"{""type"": ""Point"", ""coordinates"": [-75.64705271470893, 35.99054882502875]}";35.990548825, -75.6470527147
932;104228778.0;CUMBERLAND;25.0;HOPE MILLS;GOLF VIEW;0.033;N;SOUCHAK;ROCKFISH;SR 1115;4000111530.0;0.503;SR 1115;SR;K;2014-11-13T20:00:00-05:00;FRIDAY;1899-12-29T19:09:21-05:00;DARK - ROADWAY NOT LIGHTED;DRY;UNK;Y;N;N;N;N;REAR_END;NO ERROR;"{""type"": ""Point"", ""coordinates"": [-78.96044597412062, 34.97213666184028]}";34.9721366618, -78.9604459741
939;102791119.0;CURRITUCK;26.0;KITTY HAWK;US 158;0.3;N;SR 1122;SR 1118;US 158;2000015830.0;23.952;US 158;US;K;2010-02-10T20:00:00-05:00;THURSDAY;1899-12-29T19:09:21-05:00;DARK - ROADWAY NOT LIGHTED;DRY;Y;N;N;Y;N;N;LANE_DEPARTURE;NO ERROR;"{""type"": ""Point"", ""coordinates"": [-75.86388319927426, 36.18902060052127]}";36.1890206005, -75.8638831993
955;104219894.0;CUMBERLAND;25.0;FAYETTEVILLE;SR 1007;0.075;N;SR 1400;SR 1404;SR 1007;4000100730.0;7.065;SR 1007;SR;K;2014-10-26T21:00:00-04:00;MONDAY;1899-12-29T19:09:21-05:00;DARK - ROADWAY NOT LIGHTED;DRY;Y;N;N;N;N;Y;PEDESTRIAN;NO ERROR;"{""type"": ""Point"", ""coordinates"": [-78.95423109050415, 35.0604640769833]}";35.060464077, -78.9542310905
935;103882048.0;DARE;27.0;MANTEO;NC 345;1.21;S;SR 1134;SR 1135;NC 345;3000034530.0;2.95;NC 345;NC;K;2013-10-22T22:00:00-04:00;WEDNESDAY;1899-12-29T19:09:21-05:00;DARK - ROADWAY NOT LIGHTED;DRY;N;N;N;N;N;Y;LANE_DEPARTURE;NO ERROR;"{""type"": ""Point"", ""coordinates"": [-75.64920168801751, 35.86690391427151]}";35.8669039143, -75.649201688
933;104189446.0;CUMBERLAND;25.0;FAYETTEVILLE;SR 1113;0.1;W;SR 3399;SR 3646;SR 1113;4000111330.0;1.391;SR 1113;SR;K;2012-06-03T22:00:00-04:00;MONDAY;1899-12-29T19:09:21-05:00;DAYLIGHT;DRY;N;Y;N;N;N;N;LANE_DEPARTURE;NO ERROR;"{""type"": ""Point"", ""coordinates"": [-79.02009600630217, 34.95933380201407]}";34.959333802, -79.0200960063
954;103010999.0;CUMBERLAND;25.0;FAYETTEVILLE;ALL AMERICAN;0.0;;SKIBO;YADKIN;SR 1007;4000100730.0;8.28;SR 1007;SR;K;2010-09-17T22:00:00-04:00;SATURDAY;1899-12-29T19:09:21-05:00;DARK - ROADWAY NOT LIGHTED;DRY;Y;N;N;Y;N;N;LANE_DEPARTURE;NO ERROR;"{""type"": ""Point"", ""coordinates"": [-78.95981396076957, 35.07705949332133]}";35.0770594933, -78.9598139608
925;103479746.0;CUMBERLAND;25.0;HOPE MILLS;SR 2262;0.004;N;SR 2238;MEMORY;SR 2262;4000226230.0;0.0;SR 2262;SR;K;2012-06-10T22:00:00-04:00;MONDAY;1899-12-29T19:09:21-05:00;DARK - ROADWAY NOT LIGHTED;WET;Y;N;N;N;N;N;LANE_DEPARTURE;NO ERROR;"{""type"": ""Point"", ""coordinates"": [-78.86581894634722, 34.932803289016604]}";34.932803289, -78.8658189463
890;104134040.0;CABARRUS;12.0;HARRISBURG;MOREHEAD;0.045000000000000005;S;AUTUMN;PLAZA;SR 1300;4000130010.0;0.29200000000000004;SR 1300;SR;K;2014-08-05T22:00:00-04:00;WEDNESDAY;1899-12-29T19:09:21-05:00;DARK - LIGHTED ROADWAY;DRY;Y;Y;N;Y;N;N;REAR_END;NO ERROR;"{""type"": ""Point"", ""coordinates"": [-80.66265321223074, 35.324997398888925]}";35.3249973989, -80.6626532122
876;103917511.0;CABARRUS;12.0;CONCORD;WEDDINGTON;0.0;NW;CONCORD FARMS;GEORGE LYLES;SR 1431;4000143110.0;2.205;SR 1431;SR;K;2013-11-04T20:00:00-05:00;TUESDAY;1899-12-29T19:09:21-05:00;DAYLIGHT;DRY;N;N;N;N;Y;N;FRONTAL_IMPACT;NO ERROR;"{""type"": ""Point"", ""coordinates"": [-80.6652985218977, 35.3955493995343]}";35.3955493995, -80.6652985219
909;102876135.0;CABARRUS;12.0;CONCORD;SR 1152;0.061000000000000006;W;SR 1208;DILEEN;SR 1152;4000115210.0;0.013000000000000001;SR 1152;SR;K;2010-05-30T22:00:00-04:00;MONDAY;1899-12-29T19:09:21-05:00;DAWN;DRY;Y;N;N;Y;N;N;LANE_DEPARTURE;NO ERROR;"{""type"": ""Point"", ""coordinates"": [-80.57729563244062, 35.341797350065065]}";35.3417973501, -80.5772956324
888;103068801.0;CARTERET;15.0;BEAUFORT;SR 1300;2.4;S;SR 1316;SR 1163;SR 1300;4000130020.0;7.6000000000000005;SR 1300;SR;K;2011-01-15T20:00:00-05:00;SUNDAY;1899-12-29T19:09:21-05:00;DAWN;DRY;UNK;N;N;Y;N;N;LANE_DEPARTURE;NO ERROR;"{""type"": ""Point"", ""coordinates"": [-76.62483490826769, 34.88987076613908]}";34.8898707661, -76.6248349083
973;103579298.0;CUMBERLAND;25.0;FAYETTEVILLE;SR 1003;0.0;;SR 3082;SR 1137;SR 1003;4000100330.0;1.35;SR 1003;SR;K;2012-10-20T22:00:00-04:00;SUNDAY;1899-12-29T19:09:21-05:00;DARK - ROADWAY NOT LIGHTED;DRY;Y;N;N;N;N;N;PEDESTRIAN;NO ERROR;"{""type"": ""Point"", ""coordinates"": [-78.9233029055507, 35.004332117828184]}";35.0043321178, -78.9233029056
929;102869623.0;DAVIDSON;28.0;LEXINGTON;US 64;0.0;;SR 2403;SR 2203;US 64;2000006430.0;10.208;US 64;US;K;2010-05-20T22:00:00-04:00;FRIDAY;1899-12-29T19:09:21-05:00;DARK - ROADWAY NOT LIGHTED;DRY;N;N;N;N;Y;N;FRONTAL_IMPACT;NO ERROR;"{""type"": ""Point"", ""coordinates"": [-80.22053407567425, 35.823350974542514]}";35.8233509745, -80.2205340757
921;104249760.0;CATAWBA;17.0;NEWTON;SR 2105;0.0;;SR 1880;NC 16;SR 2105;4000210520.0;0.0;SR 2105;SR;K;2014-12-11T20:00:00-05:00;FRIDAY;1899-12-29T19:09:21-05:00;DARK - LIGHTED ROADWAY;DRY;Y;Y;N;N;N;N;LANE_DEPARTURE;NO ERROR;"{""type"": ""Point"", ""coordinates"": [-81.20813466619136, 35.644434529707326]}";35.6444345297, -81.2081346662
889;102995598.0;BUNCOMBE;10.0;ASHEVILLE;RIVERSIDE;0.15;S;I 26;CRAVEN;RIVERSIDE;5002605610.0;999.999;RIVERSIDE;LCL;K;2010-10-12T22:00:00-04:00;WEDNESDAY;1899-12-29T19:09:21-05:00;DUSK;WET;N;N;N;N;Y;N;LANE_DEPARTURE;ROUTE NOT FOUND;;
912;104122722.0;CALDWELL;13.0;LENOIR;ELLERWOOD;0.4;NE;MARLEY;STARCROSS;;5004042010.0;999.999;ELLERWOOD;LCL;K;2014-08-11T22:00:00-04:00;TUESDAY;1899-12-29T19:09:21-05:00;DARK - UNKNOWN LIGHTING;WET;UNK;N;N;Y;N;Y;LANE_DEPARTURE;ROUTE NOT FOUND;;
862;103678997.0;CALDWELL;13.0;LENOIR;SR 1337;0.3;E;SR 1414;NC 90;SR 1337;4000133710.0;0.51;SR 1337;SR;K;2013-02-12T20:00:00-05:00;WEDNESDAY;1899-12-29T19:09:21-05:00;DARK - ROADWAY NOT LIGHTED;WET;Y;N;N;N;N;N;LANE_DEPARTURE;NO ERROR;"{""type"": ""Point"", ""coordinates"": [-81.70804154412622, 35.903708656586396]}";35.9037086566, -81.7080415441
857;103796615.0;CATAWBA;17.0;HICKORY;SR 2042;0.9;W;SR 2041;NC 10;SR 2042;4000204220.0;0.9;SR 2042;SR;K;2013-06-29T22:00:00-04:00;SUNDAY;1899-12-29T19:09:21-05:00;DARK - ROADWAY NOT LIGHTED;DRY;Y;N;N;N;N;N;LANE_DEPARTURE;NO ERROR;"{""type"": ""Point"", ""coordinates"": [-81.39059106906599, 35.597387228033945]}";35.597387228, -81.3905910691
828;104079790.0;CATAWBA;17.0;CLAREMONT;DEPOT;0.0;S;YOUNTS;ST VINCENT;SR 1722;4000172220.0;2.765;SR 1722;SR;K;2014-06-11T22:00:00-04:00;THURSDAY;1899-12-29T19:09:21-05:00;DAYLIGHT;DRY;N;N;N;N;Y;N;LANE_DEPARTURE;NO ERROR;"{""type"": ""Point"", ""coordinates"": [-81.14623432673137, 35.7110602763106]}";35.7110602763, -81.1462343267
820;102967300.0;CATAWBA;17.0;HICKORY;SR 1502;0.018000000000000002;S;SR 1657;SR 1400;SR 1502;4000150220.0;0.23500000000000001;SR 1502;SR;K;2010-09-13T22:00:00-04:00;TUESDAY;1899-12-29T19:09:21-05:00;DAYLIGHT;DRY;Y;N;N;N;N;N;LANE_DEPARTURE;NO ERROR;"{""type"": ""Point"", ""coordinates"": [-81.27574926850971, 35.77218535245049]}";35.7721853525, -81.2757492685
852;103822555.0;CHATHAM;18.0;PITTSBORO;NC 751;2.1;S;SR 1731;SR 1733;NC 751;3000075120.0;7.11;NC 751;NC;K;2013-08-05T22:00:00-04:00;TUESDAY;1899-12-29T19:09:21-05:00;DAYLIGHT;DRY;Y;N;N;N;N;N;LANE_DEPARTURE;NO ERROR;"{""type"": ""Point"", ""coordinates"": [-78.96328342804118, 35.8392368324805]}";35.8392368325, -78.963283428
847;103190699.0;CALDWELL;13.0;LENOIR;US 321;2.2;N;SR 1372;SR 1500;US 321;2000032110.0;28.774;US 321;US;K;2011-06-27T22:00:00-04:00;TUESDAY;1899-12-29T19:09:21-05:00;DAYLIGHT;WET;N;N;N;N;N;N;LANE_DEPARTURE;NO ERROR;"{""type"": ""Point"", ""coordinates"": [-81.62925380112793, 36.08495241713684]}";36.0849524171, -81.6292538011
839;103421987.0;CARTERET;15.0;MOREHEAD CITY;NC 24;0.01;W;SR 1677;SR 1122;NC 24;3000002420.0;12.104000000000001;NC 24;NC;K;2012-04-07T22:00:00-04:00;SUNDAY;1899-12-29T19:09:21-05:00;DAYLIGHT;DRY;N;N;N;N;Y;N;OTHER;NO ERROR;"{""type"": ""Point"", ""coordinates"": [-76.91526124521381, 34.72828066351053]}";34.7282806635, -76.9152612452
835;102879721.0;BURKE;11.0;MORGANTON;NC 181;5.0;N;SR 1405;SR 1402;NC 181;3000018110.0;17.48;NC 181;NC;K;2010-06-04T22:00:00-04:00;SATURDAY;1899-12-29T19:09:21-05:00;DAYLIGHT;DRY;N;Y;N;Y;N;N;OTHER;NO ERROR;"{""type"": ""Point"", ""coordinates"": [-81.81433422219185, 35.91992375024847]}";35.9199237502, -81.8143342222
851;104215670.0;CALDWELL;13.0;LENOIR;NC 268;0.0;;SR 1560;SR 1349;NC 268;3000026810.0;0.9650000000000001;NC 268;NC;K;2014-11-16T20:00:00-05:00;MONDAY;1899-12-29T19:09:21-05:00;DARK - ROADWAY NOT LIGHTED;DRY;N;N;N;N;Y;N;LANE_DEPARTURE;NO ERROR;"{""type"": ""Point"", ""coordinates"": [-81.55874017980554, 35.99016386662753]}";35.9901638666, -81.5587401798
829;104058210.0;CAMDEN;14.0;ELIZABETH CITY;US 17;0.0;;US 17BUS;CL-PASQUOTANK;US 17;2000001710.0;1.03;US 17;US;K;2014-05-05T22:00:00-04:00;TUESDAY;1899-12-29T19:09:21-05:00;DAYLIGHT;DRY;N;N;N;N;Y;N;FRONTAL_IMPACT;NO ERROR;"{""type"": ""Point"", ""coordinates"": [-76.33842691072495, 36.43601633653456]}";36.4360163365, -76.3384269107
967;103875540.0;CUMBERLAND;25.0;FAYETTEVILLE;CLINTON;0.085;NW;DOWNING;CEDAR CREEK;SR 1006;4000100630.0;1.375;SR 1006;SR;K;2013-09-21T22:00:00-04:00;SUNDAY;1899-12-29T19:09:21-05:00;DARK - ROADWAY NOT LIGHTED;WET;UNK;N;N;N;N;N;PEDESTRIAN;NO ERROR;"{""type"": ""Point"", ""coordinates"": [-78.84210299664618, 35.042800274153905]}";35.0428002742, -78.8421029966
971;103941171.0;CUMBERLAND;25.0;FAYETTEVILLE;SR 1003;0.1;NE;SR 1137;SR 1216;SR 1003;4000100330.0;2.27;SR 1003;SR;K;2013-12-29T20:00:00-05:00;MONDAY;1899-12-29T19:09:21-05:00;DARK - LIGHTED ROADWAY;DRY;UNK;N;N;N;N;N;LANE_DEPARTURE;NO ERROR;"{""type"": ""Point"", ""coordinates"": [-78.93671892512256, 35.00031614462573]}";35.0003161446, -78.9367189251
989;103596379.0;CUMBERLAND;25.0;HOPE MILLS;NC 162;0.4;E;SR 3065;SR 1003;NC 162;3000016230.0;4.593;NC 162;NC;K;2012-11-01T21:00:00-04:00;FRIDAY;1899-12-29T19:09:21-05:00;DARK - ROADWAY NOT LIGHTED;DRY;Y;Y;N;N;N;N;LANE_DEPARTURE;NO ERROR;"{""type"": ""Point"", ""coordinates"": [-78.9536070815959, 34.99169272208337]}";34.9916927221, -78.9536070816
959;103722464.0;CUMBERLAND;25.0;FAYETTEVILLE;OWEN;0.07200000000000001;SE;BOONE;NATO;SR 1007;4000100730.0;4.258;SR 1007;SR;K;2012-08-04T22:00:00-04:00;SUNDAY;1899-12-29T19:09:21-05:00;DARK - LIGHTED ROADWAY;DRY;Y;N;N;N;N;N;PEDESTRIAN;NO ERROR;"{""type"": ""Point"", ""coordinates"": [-78.92725092465875, 35.02724640856387]}";35.0272464086, -78.9272509247
988;103869004.0;DAVIDSON;28.0;WALLBURG;NC 109;0.014;N;SR 1748;SR 2951;NC 109;3000010930.0;35.526;NC 109;NC;K;2013-10-04T22:00:00-04:00;SATURDAY;1899-12-29T19:09:21-05:00;DAYLIGHT;DRY;N;N;N;N;Y;N;LANE_DEPARTURE;NO ERROR;"{""type"": ""Point"", ""coordinates"": [-80.13365077721588, 35.995772589196065]}";35.9957725892, -80.1336507772
957;103153144.0;CUMBERLAND;25.0;FAYETTEVILLE;71ST SCHOOL;0.0;;OLD BUNCE;CLIFFDALE;SR 1409;4000140930.0;0.6900000000000001;SR 1409;SR;K;2011-04-22T22:00:00-04:00;SATURDAY;1899-12-29T19:09:21-05:00;DARK - ROADWAY NOT LIGHTED;DRY;N;Y;N;N;N;N;FRONTAL_IMPACT;NO ERROR;"{""type"": ""Point"", ""coordinates"": [-79.0112588285508, 35.05017084560106]}";35.0501708456, -79.0112588286
977;103769167.0;CUMBERLAND;25.0;FAYETTEVILLE;CLIFFDALE;0.0;;LYNDHURST;WINDEMERE;SR 1400;4000140030.0;6.886;SR 1400;SR;K;2012-10-11T22:00:00-04:00;FRIDAY;1899-12-29T19:09:21-05:00;DAYLIGHT;DRY;Y;N;N;N;N;N;FRONTAL_IMPACT;NO ERROR;"{""type"": ""Point"", ""coordinates"": [-78.9760131357334, 35.059877130254556]}";35.0598771303, -78.9760131357
1023;102849212.0;CUMBERLAND;25.0;FAYETTEVILLE;CEDAR CREEK;0.038;E;BUREAU;*LCL J M JOHNSON RD;NC 53;3000005330.0;13.602;NC 53;NC;K;2010-04-17T22:00:00-04:00;SUNDAY;1899-12-29T19:09:21-05:00;DARK - LIGHTED ROADWAY;DRY;N;N;N;N;Y;N;PEDESTRIAN;NO ERROR;"{""type"": ""Point"", ""coordinates"": [-78.82574418284901, 35.00841731531409]}";35.0084173153, -78.8257441828
1020;103091240.0;CUMBERLAND;25.0;FAYETTEVILLE;CEDAR CREEK;0.2;W;JIM JOHNSON;DECENT;NC 53;3000005330.0;13.67;NC 53;NC;K;2010-09-01T22:00:00-04:00;THURSDAY;1899-12-29T19:09:21-05:00;DARK - LIGHTED ROADWAY;DRY;UNK;N;N;N;Y;N;PEDESTRIAN;NO ERROR;"{""type"": ""Point"", ""coordinates"": [-78.82680340432373, 35.008876840917296]}";35.0088768409, -78.8268034043
1021;104014556.0;CUMBERLAND;25.0;FAYETTEVILLE;CEDAR CREEK;0.025;W;BUREAU;FIELDS;NC 53;3000005330.0;13.665000000000001;NC 53;NC;K;2014-02-26T20:00:00-05:00;THURSDAY;1899-12-29T19:09:21-05:00;DARK - LIGHTED ROADWAY;DRY;N;N;N;N;Y;N;PEDESTRIAN;NO ERROR;"{""type"": ""Point"", ""coordinates"": [-78.82672679773219, 35.00884109861213]}";35.0088410986, -78.8267267977
1011;103683807.0;DAVIDSON;28.0;LEXINGTON;SR 1464;0.002;E;SR 1821;SR 2975;SR 1464;4000146430.0;1.4460000000000002;SR 1464;SR;K;2013-02-16T20:00:00-05:00;SUNDAY;1899-12-29T19:09:21-05:00;DARK - ROADWAY NOT LIGHTED;DRY;N;N;N;N;N;N;LANE_DEPARTURE;NO ERROR;"{""type"": ""Point"", ""coordinates"": [-80.23851044091418, 35.903870568876705]}";35.9038705689, -80.2385104409
1000;103959481.0;CUMBERLAND;25.0;FAYETTEVILLE;HOPE MILLS;0.008;N;WATAUGA;CATALPA;NC 59;3000005930.0;8.001000000000001;NC 59;NC;K;2013-10-06T22:00:00-04:00;MONDAY;1899-12-29T19:09:21-05:00;DAYLIGHT;WET;N;Y;N;Y;N;N;FRONTAL_IMPACT;NO ERROR;"{""type"": ""Point"", ""coordinates"": [-78.96095896711326, 35.03865894820902]}";35.0386589482, -78.9609589671
1009;102975366.0;DARE;27.0;MANTEO;US 64;0.1;W;SR 1105;US 264;US 64;2000006430.0;14.83;US 64;US;K;2010-09-28T22:00:00-04:00;WEDNESDAY;1899-12-29T19:09:21-05:00;DARK - ROADWAY NOT LIGHTED;DRY;UNK;N;N;N;N;N;PEDESTRIAN;NO ERROR;"{""type"": ""Point"", ""coordinates"": [-75.7633085424818, 35.88670026992568]}";35.8867002699, -75.7633085425
1015;103302147.0;CUMBERLAND;25.0;FAYETTEVILLE;SR 3695;0.1;E;SR 3693;SR 3692;SR 3695;4000369530.0;0.28500000000000003;SR 3695;SR;K;2011-10-24T22:00:00-04:00;TUESDAY;1899-12-29T19:09:21-05:00;DAYLIGHT;DRY;N;N;N;N;N;N;OTHER;NO ERROR;"{""type"": ""Point"", ""coordinates"": [-78.99392486969386, 34.996541838434815]}";34.9965418384, -78.9939248697
993;104182206.0;CUMBERLAND;25.0;FAYETTEVILLE;BINGHAM;0.0;;GREENOAKS;MARYKIRK;NC 162;3000016230.0;0.787;NC 162;NC;K;2014-09-04T22:00:00-04:00;FRIDAY;1899-12-29T19:09:21-05:00;DARK - ROADWAY NOT LIGHTED;DRY;N;N;N;N;N;Y;FRONTAL_IMPACT;NO ERROR;"{""type"": ""Point"", ""coordinates"": [-78.98461540765169, 35.0320177584968]}";35.0320177585, -78.9846154077
1008;102965536.0;CUMBERLAND;25.0;HOPE MILLS;NC 59;0.0;;SR 1123;SR 3352;NC 59;3000005930.0;1.2730000000000001;NC 59;NC;K;2010-09-11T22:00:00-04:00;SUNDAY;1899-12-29T19:09:21-05:00;DAYLIGHT;DRY;N;Y;N;N;N;Y;FRONTAL_IMPACT;NO ERROR;"{""type"": ""Point"", ""coordinates"": [-78.93712669628769, 34.951941626842206]}";34.9519416268, -78.9371266963
1039;102810308.0;DAVIDSON;28.0;LEXINGTON;SR 1232;0.07100000000000001;N;SR 1230;SR 1230;SR 1232;4000123230.0;999.999;SR 1232;SR;K;2010-03-06T20:00:00-05:00;SUNDAY;1899-12-29T19:09:21-05:00;DARK - ROADWAY NOT LIGHTED;DRY;Y;N;N;N;N;N;LANE_DEPARTURE;ROUTE MEASURE NOT FOUND;;
1054;103805239.0;CUMBERLAND;25.0;FAYETTEVILLE;RAMSEY;0.009000000000000001;S;BUCKINGHAM;MULLEN;US 401BUS;2900040130.0;7.651000000000001;US 401BUS;US;K;2012-11-28T20:00:00-05:00;THURSDAY;1899-12-29T19:09:21-05:00;DARK - LIGHTED ROADWAY;DRY;Y;N;N;N;N;N;PEDESTRIAN;NO ERROR;"{""type"": ""Point"", ""coordinates"": [-78.88129612252246, 35.07701043653474]}";35.0770104365, -78.8812961225
1043;102961207.0;CUMBERLAND;25.0;HOPE MILLS;SR 2252;0.2;N;SR 2251;SR 2249;SR 2252;4000225230.0;5.931;SR 2252;SR;K;2010-01-08T20:00:00-05:00;SATURDAY;1899-12-29T19:09:21-05:00;DARK - ROADWAY NOT LIGHTED;DRY;N;N;N;Y;N;N;LANE_DEPARTURE;NO ERROR;"{""type"": ""Point"", ""coordinates"": [-78.90301611668805, 34.86225037139105]}";34.8622503714, -78.9030161167