OBJECTID;CRSH_ID;COUNTY;COUNTY_NBR;MUNCIPALIT;ON_RD;DIS;DIR;FROM_RD;TWDS_RD;MLPST_RD;GIS_MP_ROU;MILEPOST;HO_ROUTE_N;HO_ROUTE_C;SEV;CRASH_DATE;DAY;TIME;LIGHT_COND;ROAD_SURFA;ALCOHOL_FL;MOTORCYCLE;HEAVY_TRUC;SPEED_RELA;OLDER_DRIV;TEEN_DRIVE;CRASH_TYPE;LOC_ERROR;geo_shape;geo_point_2d
1065;104072000.0;CURRITUCK;26.0;KITTY HAWK;US 158;0.3;S;SR 1105;SR 1102;US 158;2000015830.0;31.877000000000002;US 158;US;K;2014-05-25T22:00:00-04:00;MONDAY;1899-12-29T19:09:21-05:00;DARK - ROADWAY NOT LIGHTED;DRY;Y;N;N;N;N;N;LANE_DEPARTURE;NO ERROR;"{""type"": ""Point"", ""coordinates"": [-75.8043251929609, 36.089494010013595]}";36.08949401, -75.804325193
1040;103121796.0;CUMBERLAND;25.0;FAYETTEVILLE;BRAGG;0.011000000000000001;SE;CAPE FEAR;PEARL;NC 24;3000002430.0;12.141;NC 24;NC;K;2011-02-07T20:00:00-05:00;TUESDAY;1899-12-29T19:09:21-05:00;DAWN;WET;Y;N;N;N;N;N;LANE_DEPARTURE;NO ERROR;"{""type"": ""Point"", ""coordinates"": [-78.90817514591636, 35.06880916257518]}";35.0688091626, -78.9081751459
1047;103156502.0;DAVIDSON;28.0;LEXINGTON;US 64;0.01;E;SR 1430;NC 150;US 64;2000006430.0;3.164;US 64;US;K;2011-05-12T22:00:00-04:00;FRIDAY;1899-12-29T19:09:21-05:00;DAYLIGHT;WET;N;N;N;N;N;N;LANE_DEPARTURE;NO ERROR;"{""type"": ""Point"", ""coordinates"": [-80.33214485156877, 35.85567745165485]}";35.8556774517, -80.3321448516
1061;103803863.0;CUMBERLAND;25.0;FAYETTEVILLE;RAEFORD;0.0;;SANDALWOOD;HOPE MILLS;US 401BUS;2900040130.0;0.6900000000000001;US 401BUS;US;K;2013-06-27T22:00:00-04:00;FRIDAY;1899-12-29T19:09:21-05:00;DARK - LIGHTED ROADWAY;WET;N;Y;N;N;Y;Y;FRONTAL_IMPACT;NO ERROR;"{""type"": ""Point"", ""coordinates"": [-78.9643121652877, 35.04263567215465]}";35.0426356722, -78.9643121653
1042;103010345.0;CUMBERLAND;25.0;FAYETTEVILLE;BRAGG;0.0;;BARRINGTON CROSS;PILOT;NC 24;3000002430.0;11.42;NC 24;NC;K;2010-10-20T22:00:00-04:00;THURSDAY;1899-12-29T19:09:21-05:00;DARK - LIGHTED ROADWAY;DRY;N;Y;N;Y;Y;N;REAR_END;NO ERROR;"{""type"": ""Point"", ""coordinates"": [-78.92044186840454, 35.07110528700256]}";35.071105287, -78.9204418684
1041;102828551.0;CUMBERLAND;25.0;FAYETTEVILLE;BRAGG;0.0;;GLENVILLE;FILTER PLANT;NC 24;3000002430.0;11.98;NC 24;NC;K;2010-03-18T21:00:00-04:00;FRIDAY;1899-12-29T19:09:21-05:00;DAYLIGHT;DRY;N;Y;N;N;N;N;FRONTAL_IMPACT;NO ERROR;"{""type"": ""Point"", ""coordinates"": [-78.91097816501798, 35.06916751286172]}";35.0691675129, -78.910978165
1050;103395504.0;CUMBERLAND;25.0;SPRING LAKE;NC 87;0.0;;DEERFIELD;TRAM;NC 24;3000002430.0;1.09;NC 24;NC;K;2011-11-06T20:00:00-05:00;MONDAY;1899-12-29T19:09:21-05:00;DAYLIGHT;DRY;N;N;Y;N;Y;N;FRONTAL_IMPACT;NO ERROR;"{""type"": ""Point"", ""coordinates"": [-78.98999473026139, 35.20029456685934]}";35.2002945669, -78.9899947303
1079;103769164.0;CUMBERLAND;25.0;FAYETTEVILLE;RAMSEY;0.002;S;MEADOW CROFT;ROSAMOND;US 401;2000040130.0;15.368;US 401;US;K;2012-11-30T20:00:00-05:00;SATURDAY;1899-12-29T19:09:21-05:00;DARK - LIGHTED ROADWAY;DRY;N;N;N;N;N;N;PEDESTRIAN;NO ERROR;"{""type"": ""Point"", ""coordinates"": [-78.87961186200492, 35.12089494767657]}";35.1208949477, -78.879611862
1119;103027408.0;CUMBERLAND;25.0;FAYETTEVILLE;SR 1704;1.8;E;US 401;SR 1609;SR 1704;4000170430.0;1.8;SR 1704;SR;K;2010-11-22T20:00:00-05:00;TUESDAY;1899-12-29T19:09:21-05:00;DARK - ROADWAY NOT LIGHTED;DRY;Y;Y;N;N;N;N;LANE_DEPARTURE;NO ERROR;"{""type"": ""Point"", ""coordinates"": [-78.81284780773608, 35.214943018956184]}";35.214943019, -78.8128478077
576;102835207.0;CALDWELL;13.0;GRANITE FALLS;SR 1002;0.2;E;SR 1753;SR 1848;SR 1002;4000100210.0;6.03;SR 1002;SR;K;2010-03-22T21:00:00-04:00;TUESDAY;1899-12-29T19:09:21-05:00;DAYLIGHT;DRY;N;N;N;N;N;N;LANE_DEPARTURE;NO ERROR;"{""type"": ""Point"", ""coordinates"": [-81.41097541772326, 35.832823505398295]}";35.8328235054, -81.4109754177
577;103483202.0;CHATHAM;18.0;SILER CITY;SR 1006;0.3;S;SR 2317;SR 2314;SR 1006;4000100620.0;19.366;SR 1006;SR;K;2012-06-24T22:00:00-04:00;MONDAY;1899-12-29T19:09:21-05:00;DAYLIGHT;DRY;N;N;N;Y;N;N;LANE_DEPARTURE;NO ERROR;"{""type"": ""Point"", ""coordinates"": [-79.4552628192824, 35.55220548616514]}";35.5522054862, -79.4552628193
580;103484356.0;BUNCOMBE;10.0;ASHEVILLE;SR 3548;0.0;;SWANNANOA;*;SR 3548;4000354810.0;1.56;SR 3548;SR;K;2012-06-07T22:00:00-04:00;FRIDAY;1899-12-29T19:09:21-05:00;DAYLIGHT;DRY;UNK;Y;N;Y;N;Y;FRONTAL_IMPACT;NO ERROR;"{""type"": ""Point"", ""coordinates"": [-82.5762662555739, 35.57779181863698]}";35.5777918186, -82.5762662556
582;102866848.0;CATAWBA;17.0;HICKORY;EIGHTH;0.0;;HIGHLAND;SEVENTH;EIGHTH;5000945420.0;4.8100000000000005;EIGHTH;LCL;K;2010-05-05T22:00:00-04:00;THURSDAY;1899-12-29T19:09:21-05:00;DAYLIGHT;DRY;N;N;N;N;Y;N;FRONTAL_IMPACT;ROUTE NOT FOUND;;
811;102883349.0;CALDWELL;13.0;GRANITE FALLS;SR 1123;1.09;W;SR 1122;SR 1126;SR 1123;4000112310.0;1.09;SR 1123;SR;K;2010-05-27T22:00:00-04:00;FRIDAY;1899-12-29T19:09:21-05:00;DARK - ROADWAY NOT LIGHTED;DRY;Y;N;N;Y;N;N;LANE_DEPARTURE;NO ERROR;"{""type"": ""Point"", ""coordinates"": [-81.49897460867709, 35.80569693446336]}";35.8056969345, -81.4989746087
814;103919804.0;BURKE;11.0;MORGANTON;SR 1142;0.4;W;SR 1124;SR 1137;SR 1142;4000114210.0;1.26;SR 1142;SR;K;2013-12-04T20:00:00-05:00;THURSDAY;1899-12-29T19:09:21-05:00;DARK - ROADWAY NOT LIGHTED;WET;UNK;N;N;Y;Y;N;LANE_DEPARTURE;NO ERROR;"{""type"": ""Point"", ""coordinates"": [-81.82011798792176, 35.68945921554828]}";35.6894592155, -81.8201179879
801;103658416.0;BURKE;11.0;MORGANTON;SR 1439;0.4;E;NC 181;SR 1410;SR 1439;4000143910.0;0.4;SR 1439;SR;K;2013-01-22T20:00:00-05:00;WEDNESDAY;1899-12-29T19:09:21-05:00;DARK - ROADWAY NOT LIGHTED;DRY;Y;N;N;N;N;N;LANE_DEPARTURE;NO ERROR;"{""type"": ""Point"", ""coordinates"": [-81.78174205599927, 35.812415007063336]}";35.8124150071, -81.781742056
795;103998658.0;CATAWBA;17.0;CATAWBA;SR 1004;0.36;S;SR 1825;SR 1829;SR 1004;4000100420.0;3.4120000000000004;SR 1004;SR;K;2014-03-09T21:00:00-04:00;MONDAY;1899-12-29T19:09:21-05:00;DARK - ROADWAY NOT LIGHTED;DRY;N;N;N;N;N;N;PEDESTRIAN;NO ERROR;"{""type"": ""Point"", ""coordinates"": [-81.04865701817697, 35.693626915813965]}";35.6936269158, -81.0486570182
804;103148359.0;CARTERET;15.0;BEAUFORT;SR 1458;0.023;S;SR 1429;SR 1433;SR 1458;4000145820.0;0.023;SR 1458;SR;K;2011-04-28T22:00:00-04:00;FRIDAY;1899-12-29T19:09:21-05:00;DARK - ROADWAY NOT LIGHTED;DRY;Y;N;N;N;N;N;OTHER;NO ERROR;"{""type"": ""Point"", ""coordinates"": [-76.62794876980686, 34.74858644432435]}";34.7485864443, -76.6279487698
812;104285970.0;CHATHAM;18.0;SILER CITY;THIRD;0.0;SW;SECOND;FOURTH;SR 1107;4000110720.0;3.5260000000000002;SR 1107;SR;K;2013-10-22T22:00:00-04:00;WEDNESDAY;1899-12-29T19:09:21-05:00;DAYLIGHT;DRY;N;N;N;N;N;N;FRONTAL_IMPACT;NO ERROR;"{""type"": ""Point"", ""coordinates"": [-79.46317220101308, 35.72539578524979]}";35.7253957852, -79.463172201
815;102917701.0;BUNCOMBE;10.0;ASHEVILLE;SR 2816;0.3;N;SR 2818;SR 2782;SR 2816;4000281610.0;1.1500000000000001;SR 2816;SR;K;2010-07-19T22:00:00-04:00;TUESDAY;1899-12-29T19:09:21-05:00;DAYLIGHT;WET;Y;N;N;N;N;N;LANE_DEPARTURE;NO ERROR;"{""type"": ""Point"", ""coordinates"": [-82.39290784754218, 35.53076754505845]}";35.5307675451, -82.3929078475
807;102904002.0;CATAWBA;17.0;CATAWBA;SR 1822;1.9000000000000001;S;SR 1826;SR 1824;SR 1822;4000182220.0;0.8250000000000001;SR 1822;SR;K;2010-07-04T22:00:00-04:00;MONDAY;1899-12-29T19:09:21-05:00;DAWN;DRY;UNK;N;N;N;N;N;LANE_DEPARTURE;NO ERROR;"{""type"": ""Point"", ""coordinates"": [-81.0646206072425, 35.67426484849565]}";35.6742648485, -81.0646206072
798;103138534.0;CALDWELL;13.0;LENOIR;SR 1310;0.2;N;SR 1339;SR 1143;SR 1310;4000131010.0;2.415;SR 1310;SR;K;2011-04-16T22:00:00-04:00;SUNDAY;1899-12-29T19:09:21-05:00;DAYLIGHT;DRY;N;N;N;N;Y;N;LANE_DEPARTURE;NO ERROR;"{""type"": ""Point"", ""coordinates"": [-81.6249362994241, 35.92754734211282]}";35.9275473421, -81.6249362994
809;103711549.0;CATAWBA;17.0;HICKORY;NC 127;0.0;;THIRD;SECOND;NC 127;3000012720.0;999.999;NC 127;NC;K;2013-03-06T20:00:00-05:00;THURSDAY;1899-12-29T19:09:21-05:00;DARK - LIGHTED ROADWAY;DRY;Y;N;N;N;Y;N;FRONTAL_IMPACT;ROUTE MEASURE NOT FOUND;;
590;102990249.0;CALDWELL;13.0;BLOWING ROCK;US 321;0.3;N;SR 1500;ML-BLOWING ROCK;US 321;2000032110.0;30.802000000000003;US 321;US;K;2010-10-13T22:00:00-04:00;THURSDAY;1899-12-29T19:09:21-05:00;DARK - ROADWAY NOT LIGHTED;WET;N;N;N;Y;N;N;LANE_DEPARTURE;NO ERROR;"{""type"": ""Point"", ""coordinates"": [-81.65063410369629, 36.107263615347826]}";36.1072636153, -81.6506341037
612;103748062.0;CASWELL;16.0;YANCEYVILLE;US 29;1.0;S;SR 1341;CL-ROCKINGHAM;US 29;2000002920.0;0.8380000000000001;US 29;US;K;2013-05-08T22:00:00-04:00;THURSDAY;1899-12-29T19:09:21-05:00;DARK - ROADWAY NOT LIGHTED;DRY;Y;N;N;N;N;N;OTHER;NO ERROR;"{""type"": ""Point"", ""coordinates"": [-79.50398933547216, 36.476893432543086]}";36.4768934325, -79.5039893355
613;103658116.0;BURKE;11.0;VALDESE;I 40;0.3;E;SR 1744;SR 1001;I 40;1000004010.0;18.856;I 40;INTERSTATE;K;2013-01-17T20:00:00-05:00;FRIDAY;1899-12-29T19:09:21-05:00;DARK - ROADWAY NOT LIGHTED;ICE;N;N;Y;N;N;N;OTHER;NO ERROR;"{""type"": ""Point"", ""coordinates"": [-81.5405211118696, 35.73156101059574]}";35.7315610106, -81.5405211119
598;103066249.0;CASWELL;16.0;YANCEYVILLE;SR 1311;0.1;E;SR 1310;SR 1312;SR 1311;4000131120.0;3.48;SR 1311;SR;K;2011-01-05T20:00:00-05:00;THURSDAY;1899-12-29T19:09:21-05:00;DAYLIGHT;ICE;N;N;N;Y;N;Y;LANE_DEPARTURE;NO ERROR;"{""type"": ""Point"", ""coordinates"": [-79.41345778531151, 36.41457160639564]}";36.4145716064, -79.4134577853
629;103311249.0;CHATHAM;18.0;PITTSBORO;US 15;0.1;N;SR 1523;SR 1524;US 15;2000001520.0;14.41;US 15;US;K;2011-11-23T20:00:00-05:00;THURSDAY;1899-12-29T19:09:21-05:00;DAYLIGHT;DRY;UNK;N;N;Y;N;N;LANE_DEPARTURE;NO ERROR;"{""type"": ""Point"", ""coordinates"": [-79.14927643304038, 35.77385612413523]}";35.7738561241, -79.149276433
596;103749435.0;CALDWELL;13.0;LENOIR;NC 268;0.3;E;SR 1569;SR 1512;NC 268;3000026810.0;6.875;NC 268;NC;K;2013-05-12T22:00:00-04:00;MONDAY;1899-12-29T19:09:21-05:00;DAYLIGHT;DRY;N;N;N;N;N;N;LANE_DEPARTURE;NO ERROR;"{""type"": ""Point"", ""coordinates"": [-81.48226613548957, 36.02993059338389]}";36.0299305934, -81.4822661355
627;104070477.0;BURKE;11.0;MORGANTON;SR 1426;0.4;S;SR 1435;SR 1438;SR 1426;4000142610.0;4.1;SR 1426;SR;K;2014-05-24T22:00:00-04:00;SUNDAY;1899-12-29T19:09:21-05:00;DAYLIGHT;DRY;N;N;N;Y;N;N;OTHER;NO ERROR;"{""type"": ""Point"", ""coordinates"": [-81.67789206546932, 35.81925114166164]}";35.8192511417, -81.6778920655
637;102892068.0;CALDWELL;13.0;HUDSON;SR 1122;0.3;SW;SR 1123;SR 1116;SR 1122;4000112210.0;0.784;SR 1122;SR;K;2010-06-11T22:00:00-04:00;SATURDAY;1899-12-29T19:09:21-05:00;DAWN;DRY;Y;N;N;Y;N;N;OTHER;NO ERROR;"{""type"": ""Point"", ""coordinates"": [-81.48168745508355, 35.81611454863018]}";35.8161145486, -81.4816874551
601;104023579.0;CABARRUS;12.0;KANNAPOLIS;LANE;0.0;;HAZEL;LAURA;SR 2180;4000218010.0;0.465;SR 2180;SR;K;2014-03-21T21:00:00-04:00;SATURDAY;1899-12-29T19:09:21-05:00;DARK - LIGHTED ROADWAY;DRY;Y;Y;N;Y;N;N;LANE_DEPARTURE;NO ERROR;"{""type"": ""Point"", ""coordinates"": [-80.59975482493111, 35.501589290289054]}";35.5015892903, -80.5997548249
618;102913057.0;CABARRUS;12.0;CONCORD;I 85;0.11;S;*MILE 60.2;NC 3;I 85;1000008510.0;999.999;I 85;INTERSTATE;K;2010-07-07T22:00:00-04:00;THURSDAY;1899-12-29T19:09:21-05:00;DAYLIGHT;DRY;N;N;N;N;N;N;OTHER;ROUTE MEASURE NOT FOUND;;
673;103647984.0;CATAWBA;17.0;CONOVER;SR 1490;0.3;N;SR 2244;SR 1484;SR 1490;4000149020.0;1.74;SR 1490;SR;K;2013-01-09T20:00:00-05:00;THURSDAY;1899-12-29T19:09:21-05:00;DARK - ROADWAY NOT LIGHTED;DRY;Y;N;N;Y;N;Y;LANE_DEPARTURE;NO ERROR;"{""type"": ""Point"", ""coordinates"": [-81.23776648983245, 35.7429646455222]}";35.7429646455, -81.2377664898
694;102953296.0;CHATHAM;18.0;PITTSBORO;US 15;0.1;N;SR 1613;*LCL ORANGE COUNTY LINE;US 15;2000001520.0;22.5;US 15;US;K;2010-08-27T22:00:00-04:00;SATURDAY;1899-12-29T19:09:21-05:00;DAYLIGHT;DRY;N;N;N;N;N;N;LANE_DEPARTURE;NO ERROR;"{""type"": ""Point"", ""coordinates"": [-79.08339660929144, 35.85804796888935]}";35.8580479689, -79.0833966093
661;102907500.0;CASWELL;16.0;YANCEYVILLE;SR 1348;0.4;E;SR 1353;SR 1349;SR 1348;4000134820.0;0.4;SR 1348;SR;K;2010-07-05T22:00:00-04:00;TUESDAY;1899-12-29T19:09:21-05:00;DARK - ROADWAY NOT LIGHTED;DRY;N;N;N;Y;N;N;OTHER;NO ERROR;"{""type"": ""Point"", ""coordinates"": [-79.4764069235625, 36.4902244794303]}";36.4902244794, -79.4764069236
703;102901991.0;CABARRUS;12.0;KANNAPOLIS;KANNAPOLIS;0.01;N;CARROMORE;BUDDY;SR 1430;4000143010.0;0.5860000000000001;SR 1430;SR;K;2010-06-17T22:00:00-04:00;FRIDAY;1899-12-29T19:09:21-05:00;DAYLIGHT;DRY;N;N;N;N;Y;N;LANE_DEPARTURE;NO ERROR;"{""type"": ""Point"", ""coordinates"": [-80.6740756151604, 35.48179041609499]}";35.4817904161, -80.6740756152
666;103743437.0;CARTERET;15.0;NEWPORT;NC 24;0.25;E;SR 1124;SR 1122;NC 24;3000002420.0;11.167;NC 24;NC;K;2013-05-03T22:00:00-04:00;SATURDAY;1899-12-29T19:09:21-05:00;DAYLIGHT;DRY;N;Y;N;N;Y;N;FRONTAL_IMPACT;NO ERROR;"{""type"": ""Point"", ""coordinates"": [-76.93156325361169, 34.72609242319089]}";34.7260924232, -76.9315632536
714;103178764.0;CALDWELL;13.0;LENOIR;US 64;0.1;W;SR 1404;SR 1387;US 64;2000006410.0;4.08;US 64;US;K;2011-06-13T22:00:00-04:00;TUESDAY;1899-12-29T19:09:21-05:00;DAYLIGHT;DRY;N;N;Y;N;Y;N;REAR_END;NO ERROR;"{""type"": ""Point"", ""coordinates"": [-81.58622801814526, 35.88109440160354]}";35.8810944016, -81.5862280181
696;103485307.0;CATAWBA;17.0;NEWTON;NC 10;0.06;E;STARTOWN;DOVE;NC 10;3000001020.0;15.15;NC 10;NC;K;2012-06-18T22:00:00-04:00;TUESDAY;1899-12-29T19:09:21-05:00;DAYLIGHT;DRY;Y;N;N;N;Y;N;OTHER;NO ERROR;"{""type"": ""Point"", ""coordinates"": [-81.26955643189122, 35.64484859592902]}";35.6448485959, -81.2695564319
691;103207276.0;CATAWBA;17.0;HICKORY;US 321;0.0;;NINTH;CLEMENT;US 321;2000032120.0;15.515;US 321;US;K;2011-07-01T22:00:00-04:00;SATURDAY;1899-12-29T19:09:21-05:00;DAYLIGHT;DRY;N;N;N;N;Y;N;FRONTAL_IMPACT;NO ERROR;"{""type"": ""Point"", ""coordinates"": [-81.36590913585057, 35.74423439595164]}";35.744234396, -81.3659091359
649;104268336.0;CABARRUS;12.0;CONCORD;RUTHERFORD;0.043000000000000003;N;BRUNTING;*LCL COZART ST SW;;5002678410.0;999.999;RUTHERFORD;LCL;K;2014-12-16T20:00:00-05:00;WEDNESDAY;1899-12-29T19:09:21-05:00;DAYLIGHT;DRY;N;N;N;N;N;N;LANE_DEPARTURE;ROUTE NOT FOUND;;
652;104118737.0;BUNCOMBE;10.0;ASHEVILLE;KIMBERLY;0.049;SE;LARAINE;OTTARI;;5001632810.0;999.999;KIMBERLY;LCL;K;2014-07-12T22:00:00-04:00;SUNDAY;1899-12-29T19:09:21-05:00;DAYLIGHT;DRY;N;N;N;Y;Y;N;LANE_DEPARTURE;ROUTE NOT FOUND;;
785;103970105.0;BURKE;11.0;RUTHERFORD COLLEGE;I 40;0.1;W;SR 1755;SR 1001;I 40;1000004010.0;20.436;I 40;INTERSTATE;K;2014-01-29T20:00:00-05:00;THURSDAY;1899-12-29T19:09:21-05:00;DARK - ROADWAY NOT LIGHTED;DRY;N;N;Y;N;N;N;LANE_DEPARTURE;NO ERROR;"{""type"": ""Point"", ""coordinates"": [-81.51326463067004, 35.736492472147276]}";35.7364924721, -81.5132646307
794;103354195.0;BURKE;11.0;GLEN ALPINE;SR 1228;0.17;W;SR 1230;SR 1233;SR 1228;4000122810.0;0.62;SR 1228;SR;K;2012-01-14T20:00:00-05:00;SUNDAY;1899-12-29T19:09:21-05:00;DARK - ROADWAY NOT LIGHTED;DRY;Y;N;N;N;N;N;LANE_DEPARTURE;NO ERROR;"{""type"": ""Point"", ""coordinates"": [-81.81420712699887, 35.75384139591777]}";35.7538413959, -81.814207127
787;103143651.0;CATAWBA;17.0;CATAWBA;SR 1846;0.1;E;NC 16;SR 1815;SR 1846;4000184620.0;0.1;SR 1846;SR;K;2011-04-25T22:00:00-04:00;TUESDAY;1899-12-29T19:09:21-05:00;DARK - ROADWAY NOT LIGHTED;DRY;N;N;N;Y;N;N;LANE_DEPARTURE;NO ERROR;"{""type"": ""Point"", ""coordinates"": [-81.07015412223402, 35.577304711800366]}";35.5773047118, -81.0701541222
792;103610267.0;CHATHAM;18.0;SILER CITY;SR 1346;0.4;E;SR 1355;SR 1351;SR 1346;4000134620.0;3.366;SR 1346;SR;K;2012-11-23T20:00:00-05:00;SATURDAY;1899-12-29T19:09:21-05:00;DAYLIGHT;DRY;Y;N;N;Y;N;N;LANE_DEPARTURE;NO ERROR;"{""type"": ""Point"", ""coordinates"": [-79.4553225970426, 35.8142682047888]}";35.8142682048, -79.455322597
780;103977839.0;CATAWBA;17.0;NEWTON;NC 10;0.1;W;SR 1002;SR 2088;NC 10;3000001020.0;2.56;NC 10;NC;K;2014-02-14T20:00:00-05:00;SATURDAY;1899-12-29T19:09:21-05:00;DAYLIGHT;DRY;N;N;N;N;N;N;LANE_DEPARTURE;NO ERROR;"{""type"": ""Point"", ""coordinates"": [-81.44263607708137, 35.58384230350256]}";35.5838423035, -81.4426360771
757;103361340.0;CABARRUS;12.0;CONCORD;NC 200;0.07200000000000001;W;SR 2348;SR 2678;NC 200;3000020010.0;3.942;NC 200;NC;K;2012-01-22T20:00:00-05:00;MONDAY;1899-12-29T19:09:21-05:00;DAYLIGHT;WET;N;N;N;Y;N;Y;OTHER;NO ERROR;"{""type"": ""Point"", ""coordinates"": [-80.48849300186684, 35.32151401907767]}";35.3215140191, -80.4884930019
793;103239240.0;CATAWBA;17.0;HICKORY;US 70;0.0;;FAIRGROVE CH;SAINT PAULS CH;US 70;2000007020.0;8.246;US 70;US;K;2011-08-22T22:00:00-04:00;TUESDAY;1899-12-29T19:09:21-05:00;DAYLIGHT;DRY;N;Y;N;N;Y;N;FRONTAL_IMPACT;NO ERROR;"{""type"": ""Point"", ""coordinates"": [-81.26224116102952, 35.6970968312749]}";35.6970968313, -81.262241161
754;102966882.0;CABARRUS;12.0;CONCORD;SR 2631;0.2;N;GOLF BALL;US 601;SR 2631;4000263110.0;999.999;SR 2631;SR;K;2010-09-05T22:00:00-04:00;MONDAY;1899-12-29T19:09:21-05:00;DARK - ROADWAY NOT LIGHTED;DRY;N;N;N;Y;N;N;OTHER;ROUTE MEASURE NOT FOUND;;
778;102891916.0;CALDWELL;13.0;LENOIR;SR 1503;0.3;E;DEAD END;SR 1504;SR 1503;4000150310.0;999.999;SR 1503;SR;K;2010-06-10T22:00:00-04:00;FRIDAY;1899-12-29T19:09:21-05:00;DARK - ROADWAY NOT LIGHTED;DRY;Y;N;N;Y;N;N;OTHER;ROUTE MEASURE NOT FOUND;;
760;103951307.0;CALDWELL;13.0;HICKORY;MAIN;0.0;;THRONBURG;LEGION;MAIN;5001868210.0;999.999;MAIN;LCL;K;2013-12-11T20:00:00-05:00;THURSDAY;1899-12-29T19:09:21-05:00;DARK - LIGHTED ROADWAY;DRY;UNK;N;N;N;N;N;PEDESTRIAN;ROUTE NOT FOUND;;
907;102964664.0;CARTERET;15.0;NEWPORT;NC 101;0.4;NW;SR 1155;SR 1391;NC 101;3000010120.0;10.94;NC 101;NC;K;2010-09-17T22:00:00-04:00;SATURDAY;1899-12-29T19:09:21-05:00;DARK - ROADWAY NOT LIGHTED;DRY;Y;N;N;N;N;N;LANE_DEPARTURE;NO ERROR;"{""type"": ""Point"", ""coordinates"": [-76.74476939521755, 34.82610243751174]}";34.8261024375, -76.7447693952
879;104141024.0;CATAWBA;17.0;MAIDEN;SR 1003;0.3;S;SR 1855;SR 2781;SR 1003;4000100320.0;0.39;SR 1003;SR;K;2014-08-29T22:00:00-04:00;SATURDAY;1899-12-29T19:09:21-05:00;DARK - ROADWAY NOT LIGHTED;DRY;Y;Y;N;Y;N;N;LANE_DEPARTURE;NO ERROR;"{""type"": ""Point"", ""coordinates"": [-81.16068401441261, 35.558970800667396]}";35.5589708007, -81.1606840144
901;102824730.0;CHATHAM;18.0;SILER CITY;SR 1172;0.014;E;SR 1173;SR 1174;SR 1172;4000117220.0;0.084;SR 1172;SR;K;2010-03-26T21:00:00-04:00;SATURDAY;1899-12-29T19:09:21-05:00;DAYLIGHT;DRY;N;N;N;N;Y;N;LANE_DEPARTURE;NO ERROR;"{""type"": ""Point"", ""coordinates"": [-79.47182409942174, 35.70432260718476]}";35.7043226072, -79.4718240994
882;102799573.0;CALDWELL;13.0;LENOIR;SR 1310;0.4;E;SR 1143;SR 1339;SR 1310;4000131010.0;1.2750000000000001;SR 1310;SR;K;2010-02-22T20:00:00-05:00;TUESDAY;1899-12-29T19:09:21-05:00;DAYLIGHT;DRY;N;N;N;N;Y;N;LANE_DEPARTURE;NO ERROR;"{""type"": ""Point"", ""coordinates"": [-81.642943548019, 35.92232350287311]}";35.9223235029, -81.642943548
903;102814799.0;BURKE;11.0;MORGANTON;SR 1149;0.15;S;SR 1186;SR 2100;SR 1149;4000114910.0;0.9400000000000001;SR 1149;SR;K;2010-03-11T20:00:00-05:00;FRIDAY;1899-12-29T19:09:21-05:00;DAYLIGHT;DRY;N;N;N;N;N;N;LANE_DEPARTURE;NO ERROR;"{""type"": ""Point"", ""coordinates"": [-81.76224807568073, 35.69973590270282]}";35.6997359027, -81.7622480757
883;103126342.0;CHATHAM;18.0;PITTSBORO;SR 1532;0.0;;SR 1528;SR 1537;SR 1532;4000153220.0;4.091;SR 1532;SR;K;2011-04-01T22:00:00-04:00;SATURDAY;1899-12-29T19:09:21-05:00;DAYLIGHT;DRY;N;N;N;N;Y;N;FRONTAL_IMPACT;NO ERROR;"{""type"": ""Point"", ""coordinates"": [-79.14789052006299, 35.82119886616115]}";35.8211988662, -79.1478905201
881;103826526.0;CHEROKEE;19.0;ANDREWS;US 19;0.0;;SR 1389;SR 1393;US 19;2000001920.0;26.263;US 19;US;K;2013-08-01T22:00:00-04:00;FRIDAY;1899-12-29T19:09:21-05:00;DAYLIGHT;DRY;N;Y;N;N;N;N;OTHER;NO ERROR;"{""type"": ""Point"", ""coordinates"": [-83.79979787695963, 35.19771688663538]}";35.1977168866, -83.799797877