OBJECTID;CRSH_ID;COUNTY;COUNTY_NBR;MUNCIPALIT;ON_RD;DIS;DIR;FROM_RD;TWDS_RD;MLPST_RD;GIS_MP_ROU;MILEPOST;HO_ROUTE_N;HO_ROUTE_C;SEV;CRASH_DATE;DAY;TIME;LIGHT_COND;ROAD_SURFA;ALCOHOL_FL;MOTORCYCLE;HEAVY_TRUC;SPEED_RELA;OLDER_DRIV;TEEN_DRIVE;CRASH_TYPE;LOC_ERROR;geo_shape;geo_point_2d
895;102964057.0;CALDWELL;13.0;HUDSON;SR 1116;0.3;N;SR 1122;US 321ALT;SR 1116;4000111610.0;1.28;SR 1116;SR;K;2010-09-13T22:00:00-04:00;TUESDAY;1899-12-29T19:09:21-05:00;DAYLIGHT;DRY;Y;Y;N;Y;N;N;LANE_DEPARTURE;ROUTE NOT FOUND;;
905;104049628.0;CABARRUS;12.0;CONCORD;OLD CHARLOTTE;0.0;;PARK;ROBERTA;OLD CHARLOTTE;5002203510.0;999.999;OLD CHARLOTTE;LCL;K;2014-04-21T22:00:00-04:00;TUESDAY;1899-12-29T19:09:21-05:00;DARK - LIGHTED ROADWAY;DRY;UNK;N;N;N;N;N;PEDESTRIAN;ROUTE NOT FOUND;;
906;104138250.0;CATAWBA;17.0;HICKORY;SECOND;0.0;;SEVENTH;SIXTH;SECOND;5002747220.0;999.999;SECOND;LCL;K;2014-08-02T22:00:00-04:00;SUNDAY;1899-12-29T19:09:21-05:00;DAYLIGHT;DRY;N;Y;N;N;N;N;FRONTAL_IMPACT;ROUTE NOT FOUND;;
947;103805238.0;CUMBERLAND;25.0;FAYETTEVILLE;LAKEWOOD;0.064;S;FRANCISCAN;MIDDLETON;SR 1108;4000110830.0;3.4240000000000004;SR 1108;SR;K;2012-03-17T21:00:00-04:00;SUNDAY;1899-12-29T19:09:21-05:00;DARK - ROADWAY NOT LIGHTED;DRY;Y;N;N;N;N;N;LANE_DEPARTURE;NO ERROR;"{""type"": ""Point"", ""coordinates"": [-78.99735467060383, 34.99747378310157]}";34.9974737831, -78.9973546706
961;103600195.0;DARE;27.0;NAGS HEAD;NC 12;3.2;S;SR 1257;SR 1247;NC 12;3000001230.0;47.472;NC 12;NC;K;2012-11-10T20:00:00-05:00;SUNDAY;1899-12-29T19:09:21-05:00;DARK - ROADWAY NOT LIGHTED;SAND, MUD, DIRT, GRAVEL;N;N;N;N;N;N;REAR_END;NO ERROR;"{""type"": ""Point"", ""coordinates"": [-75.49403167702813, 35.71788216778883]}";35.7178821678, -75.494031677
963;103527981.0;CUMBERLAND;25.0;FAYETTEVILLE;OWEN;0.0;NW;GILLESPIE;EASTERN;SR 1007;4000100730.0;2.198;SR 1007;SR;K;2012-07-22T22:00:00-04:00;MONDAY;1899-12-29T19:09:21-05:00;DARK - LIGHTED ROADWAY;DRY;N;Y;N;N;N;N;FRONTAL_IMPACT;NO ERROR;"{""type"": ""Point"", ""coordinates"": [-78.89543254260197, 35.020186855458995]}";35.0201868555, -78.8954325426
950;104122880.0;CUMBERLAND;25.0;FAYETTEVILLE;MORGANTON;25.0;E;GRAND OAK;MCFAYDEN;SR 1404;4000140430.0;0.32;SR 1404;SR;K;2014-07-26T22:00:00-04:00;SUNDAY;1899-12-29T19:09:21-05:00;DARK - LIGHTED ROADWAY;DRY;Y;N;N;N;N;N;PEDESTRIAN;NO ERROR;"{""type"": ""Point"", ""coordinates"": [-78.89909693842868, 35.05665427226048]}";35.0566542723, -78.8990969384
922;103039707.0;CARTERET;15.0;NEWPORT;NC 24;0.1;E;SR 1249;SR 1121;NC 24;3000002420.0;9.719000000000001;NC 24;NC;K;2010-12-10T20:00:00-05:00;SATURDAY;1899-12-29T19:09:21-05:00;DARK - ROADWAY NOT LIGHTED;WET;N;N;N;N;N;N;LANE_DEPARTURE;NO ERROR;"{""type"": ""Point"", ""coordinates"": [-76.95586298723539, 34.72058316489593]}";34.7205831649, -76.9558629872
984;104265167.0;CUMBERLAND;25.0;FAYETTEVILLE;NC 210;0.0;;NC 242;SR 2037;NC 210;3000021030.0;1.93;NC 210;NC;K;2014-12-18T20:00:00-05:00;FRIDAY;1899-12-29T19:09:21-05:00;DAYLIGHT;DRY;N;N;Y;N;N;Y;FRONTAL_IMPACT;NO ERROR;"{""type"": ""Point"", ""coordinates"": [-78.54008489278571, 34.863985620694706]}";34.8639856207, -78.5400848928
928;103823339.0;CUMBERLAND;25.0;HOPE MILLS;SR 1118;0.0;;SR 1121;SR 1122;SR 1118;4000111830.0;2.14;SR 1118;SR;K;2013-08-11T22:00:00-04:00;MONDAY;1899-12-29T19:09:21-05:00;DAYLIGHT;DRY;UNK;N;N;N;N;N;REAR_END;NO ERROR;"{""type"": ""Point"", ""coordinates"": [-78.96330038111418, 34.9356264916721]}";34.9356264917, -78.9633003811
945;103491825.0;CUMBERLAND;25.0;STEDMAN;SR 2028;0.1;S;SR 2030;*LCL MARK TWAIN LANE;SR 2028;4000202830.0;999.999;SR 2028;SR;K;2012-06-29T22:00:00-04:00;SATURDAY;1899-12-29T19:09:21-05:00;DARK - ROADWAY NOT LIGHTED;DRY;Y;N;N;N;N;N;LANE_DEPARTURE;ROUTE MEASURE NOT FOUND;;
926;103463226.0;CUMBERLAND;25.0;HOPE MILLS;SR 1118;0.0;;NUTRITION;SR 3715;SR 1118;4000111830.0;999.999;SR 1118;SR;K;2012-05-15T22:00:00-04:00;WEDNESDAY;1899-12-29T19:09:21-05:00;DAYLIGHT;DRY;N;Y;N;Y;N;N;FRONTAL_IMPACT;ROUTE MEASURE NOT FOUND;;
908;103906426.0;BUNCOMBE;10.0;ASHEVILLE;HOMEWAY;0.03;N;BRIARCLIFF;APPALACHIAN;;5001432910.0;999.999;HOMEWAY;LCL;K;2013-10-17T22:00:00-04:00;FRIDAY;1899-12-29T19:09:21-05:00;DAYLIGHT;DRY;UNK;N;N;N;N;Y;LANE_DEPARTURE;ROUTE NOT FOUND;;
999;102775871.0;CUMBERLAND;25.0;FAYETTEVILLE;HOPE MILLS;0.004;S;RAEFORD;*LCL BANGON RD;NC 59;3000005930.0;8.284;NC 59;NC;K;2009-12-31T20:00:00-05:00;FRIDAY;1899-12-29T19:09:21-05:00;DARK - LIGHTED ROADWAY;WET;N;N;N;N;Y;N;SIDESWIPE;NO ERROR;"{""type"": ""Point"", ""coordinates"": [-78.96098022956109, 35.042762991988795]}";35.042762992, -78.9609802296
1024;103746650.0;CUMBERLAND;25.0;FAYETTEVILLE;CEDAR CREEK;0.8;E;FIELDS;BUREAU;NC 53;3000005330.0;13.47;NC 53;NC;K;2013-02-05T20:00:00-05:00;WEDNESDAY;1899-12-29T19:09:21-05:00;DARK - LIGHTED ROADWAY;DRY;N;N;N;N;Y;N;PEDESTRIAN;NO ERROR;"{""type"": ""Point"", ""coordinates"": [-78.82355572881137, 35.007803043123886]}";35.0078030431, -78.8235557288
1010;103167690.0;CUMBERLAND;25.0;HOPE MILLS;NC 59;0.1;E;SR 2285;SR 2274;NC 59;3000005930.0;0.653;NC 59;NC;K;2011-05-29T22:00:00-04:00;MONDAY;1899-12-29T19:09:21-05:00;DARK - ROADWAY NOT LIGHTED;DRY;Y;N;N;N;N;Y;REAR_END;NO ERROR;"{""type"": ""Point"", ""coordinates"": [-78.93074199427863, 34.94453242935474]}";34.9445324294, -78.9307419943
1032;102890172.0;DAVIDSON;28.0;LEXINGTON;I 85;0.25;S;*MILE 91;*MILE 90;I 85;1000008530.0;8.370000000000001;I 85;INTERSTATE;K;2010-05-28T22:00:00-04:00;SATURDAY;1899-12-29T19:09:21-05:00;DAWN;DRY;N;N;N;N;N;N;LANE_DEPARTURE;NO ERROR;"{""type"": ""Point"", ""coordinates"": [-80.26815401731469, 35.77782402873807]}";35.7778240287, -80.2681540173
1012;103415530.0;CUMBERLAND;25.0;HOPE MILLS;NC 59;0.006;S;I 95;SR 2333;NC 59;3000005930.0;0.0;NC 59;NC;K;2012-03-27T22:00:00-04:00;WEDNESDAY;1899-12-29T19:09:21-05:00;DAYLIGHT;DRY;N;N;Y;N;N;N;FRONTAL_IMPACT;NO ERROR;"{""type"": ""Point"", ""coordinates"": [-78.92255834761472, 34.93806993982608]}";34.9380699398, -78.9225583476
1019;103559348.0;DAVIDSON;28.0;THOMASVILLE;US 64;0.96;E;SR 2099;SR 2098;US 64;2000006430.0;18.908;US 64;US;K;2012-09-28T22:00:00-04:00;SATURDAY;1899-12-29T19:09:21-05:00;DAYLIGHT;WET;N;N;Y;N;N;N;FRONTAL_IMPACT;NO ERROR;"{""type"": ""Point"", ""coordinates"": [-80.08350097504892, 35.76701318913447]}";35.7670131891, -80.083500975
1028;104227280.0;CUMBERLAND;25.0;FAYETTEVILLE;NC 53;0.1;W;SR 2225;SR 2023;NC 53;3000005330.0;7.16;NC 53;NC;K;2014-11-13T20:00:00-05:00;FRIDAY;1899-12-29T19:09:21-05:00;DAYLIGHT;DRY;N;N;N;N;Y;N;PEDESTRIAN;NO ERROR;"{""type"": ""Point"", ""coordinates"": [-78.74941207613962, 34.94711277868827]}";34.9471127787, -78.7494120761
1002;103466434.0;CUMBERLAND;25.0;FAYETTEVILLE;HOPE MILLS;0.0;;WESTGATE;CUMBERLAND;NC 59;3000005930.0;5.97;NC 59;NC;K;2011-05-17T22:00:00-04:00;WEDNESDAY;1899-12-29T19:09:21-05:00;DARK - LIGHTED ROADWAY;DRY;UNK;N;N;N;N;N;LANE_DEPARTURE;NO ERROR;"{""type"": ""Point"", ""coordinates"": [-78.96660152537638, 35.00987632516367]}";35.0098763252, -78.9666015254
1013;104153362.0;CUMBERLAND;25.0;FAYETTEVILLE;CEDAR CREEK;0.0;;LOCKS CREEK;LA DUNHAM;NC 53;3000005330.0;14.43;NC 53;NC;K;2014-08-09T22:00:00-04:00;SUNDAY;1899-12-29T19:09:21-05:00;DAYLIGHT;WET;N;Y;N;N;N;N;FRONTAL_IMPACT;NO ERROR;"{""type"": ""Point"", ""coordinates"": [-78.83737482950045, 35.01508519630203]}";35.0150851963, -78.8373748295
995;103085065.0;CUMBERLAND;25.0;FAYETTEVILLE;ROSEHILL;0.0;N;WALSTON;HICKORY HILL;ROSEHILL;5002648530.0;3.74;ROSEHILL;LCL;K;2011-01-23T20:00:00-05:00;MONDAY;1899-12-29T19:09:21-05:00;DARK - LIGHTED ROADWAY;DRY;N;N;N;Y;N;N;LANE_DEPARTURE;ROUTE NOT FOUND;;
746;104074203.0;BURKE;11.0;MORGANTON;NC 18;0.1;S;SR 1907;SR 1798;NC 18;3000001810.0;0.6;NC 18;NC;K;2014-05-27T22:00:00-04:00;WEDNESDAY;1899-12-29T19:09:21-05:00;DARK - ROADWAY NOT LIGHTED;DRY;N;N;N;N;N;N;OTHER;NO ERROR;"{""type"": ""Point"", ""coordinates"": [-81.51003536192869, 35.61655211022392]}";35.6165521102, -81.5100353619
748;103302810.0;CABARRUS;12.0;CONCORD;I 85;0.7000000000000001;N;SR 1430;NC 73;I 85;1000008510.0;5.626;I 85;INTERSTATE;K;2011-11-10T20:00:00-05:00;FRIDAY;1899-12-29T19:09:21-05:00;DAYLIGHT;DRY;N;N;N;N;N;N;LANE_DEPARTURE;NO ERROR;"{""type"": ""Point"", ""coordinates"": [-80.66687416492061, 35.42807398319235]}";35.4280739832, -80.6668741649
750;104026849.0;CHATHAM;18.0;PITTSBORO;SR 1008;0.1;S;SR 1753;SR 1752;SR 1008;4000100820.0;12.184000000000001;SR 1008;SR;K;2014-03-29T21:00:00-04:00;SUNDAY;1899-12-29T19:09:21-05:00;DAYLIGHT;DRY;N;N;N;N;Y;N;LANE_DEPARTURE;NO ERROR;"{""type"": ""Point"", ""coordinates"": [-79.01624541911892, 35.81059046686585]}";35.8105904669, -79.0162454191
715;103399797.0;CHATHAM;18.0;PITTSBORO;US 1;0.9;N;SR 1012;SR 1972;US 1;2000000120.0;1.3800000000000001;US 1;US;K;2012-03-07T20:00:00-05:00;THURSDAY;1899-12-29T19:09:21-05:00;DAYLIGHT;DRY;UNK;N;Y;N;N;N;LANE_DEPARTURE;NO ERROR;"{""type"": ""Point"", ""coordinates"": [-79.07306134188936, 35.628917012950076]}";35.628917013, -79.0730613419
682;104124659.0;BUNCOMBE;10.0;ASHEVILLE;SR 3439;0.3;S;SR 3437;SR 3440;SR 3439;4000343910.0;0.3;SR 3439;SR;K;2014-07-27T22:00:00-04:00;MONDAY;1899-12-29T19:09:21-05:00;DAYLIGHT;DRY;N;N;N;Y;N;Y;LANE_DEPARTURE;NO ERROR;"{""type"": ""Point"", ""coordinates"": [-82.65647863651748, 35.521814114219396]}";35.5218141142, -82.6564786365
727;103519093.0;CABARRUS;12.0;CONCORD;I 85;0.9;S;*MILE 61;SR 2126;I 85;1000008510.0;11.287;I 85;INTERSTATE;K;2012-08-09T22:00:00-04:00;FRIDAY;1899-12-29T19:09:21-05:00;DAYLIGHT;DRY;N;N;Y;N;N;N;REAR_END;NO ERROR;"{""type"": ""Point"", ""coordinates"": [-80.58569041273591, 35.46737458106227]}";35.4673745811, -80.5856904127
732;104209197.0;BUNCOMBE;10.0;ASHEVILLE;SR 3189;0.7000000000000001;E;SR 3188;SR 3197;SR 3189;4000318910.0;0.7000000000000001;SR 3189;SR;K;2014-11-10T20:00:00-05:00;TUESDAY;1899-12-29T19:09:21-05:00;DUSK;DRY;Y;N;N;Y;N;N;LANE_DEPARTURE;NO ERROR;"{""type"": ""Point"", ""coordinates"": [-82.49528916269222, 35.454216172169865]}";35.4542161722, -82.4952891627
737;103860228.0;CABARRUS;12.0;CONCORD;SR 1136;0.05;W;SR 1141;SR 1139;SR 1136;4000113610.0;0.6900000000000001;SR 1136;SR;K;2013-09-26T22:00:00-04:00;FRIDAY;1899-12-29T19:09:21-05:00;DUSK;DRY;UNK;N;N;Y;N;Y;LANE_DEPARTURE;NO ERROR;"{""type"": ""Point"", ""coordinates"": [-80.59174031492886, 35.29858010320122]}";35.2985801032, -80.5917403149
752;103425919.0;BURKE;11.0;MORGANTON;NC 181;0.1;N;*MILE 20;*MILE 21;NC 181;3000018110.0;999.999;NC 181;NC;K;2012-04-14T22:00:00-04:00;SUNDAY;1899-12-29T19:09:21-05:00;DAYLIGHT;DRY;N;Y;N;Y;N;N;LANE_DEPARTURE;ROUTE MEASURE NOT FOUND;;
721;103421345.0;CARTERET;15.0;MOREHEAD CITY;BUSINESS;0.024;E;MILLER FARM;GLORIA DAWN;;5003491120.0;999.999;BUSINESS;LCL;K;2012-03-05T20:00:00-05:00;TUESDAY;1899-12-29T19:09:21-05:00;DARK - ROADWAY NOT LIGHTED;DRY;UNK;N;N;Y;N;N;LANE_DEPARTURE;ROUTE NOT FOUND;;
819;103196953.0;CABARRUS;12.0;MIDLAND;SR 1100;0.51;N;NC 24;SR 1103;SR 1100;4000110010.0;8.113;SR 1100;SR;K;2011-07-06T22:00:00-04:00;THURSDAY;1899-12-29T19:09:21-05:00;DARK - ROADWAY NOT LIGHTED;WET;N;N;N;Y;N;N;LANE_DEPARTURE;NO ERROR;"{""type"": ""Point"", ""coordinates"": [-80.46616278888679, 35.26075689344256]}";35.2607568934, -80.4661627889
878;103087707.0;CARTERET;15.0;BEAUFORT;US 70;0.4;N;SR 1353;SR 1354;US 70;2000007020.0;31.38;US 70;US;K;2011-02-09T20:00:00-05:00;THURSDAY;1899-12-29T19:09:21-05:00;DARK - ROADWAY NOT LIGHTED;WET;N;N;N;Y;Y;N;LANE_DEPARTURE;NO ERROR;"{""type"": ""Point"", ""coordinates"": [-76.51720719074001, 34.773603419327365]}";34.7736034193, -76.5172071907
840;102979962.0;CABARRUS;12.0;CONCORD;NC 73;0.35000000000000003;W;SR 2522;SR 2643;NC 73;3000007310.0;14.620000000000001;NC 73;NC;K;2010-10-02T22:00:00-04:00;SUNDAY;1899-12-29T19:09:21-05:00;DARK - ROADWAY NOT LIGHTED;DRY;Y;N;N;N;N;N;PEDESTRIAN;NO ERROR;"{""type"": ""Point"", ""coordinates"": [-80.52611884952033, 35.416956973531775]}";35.4169569735, -80.5261188495
843;103312155.0;CALDWELL;13.0;LENOIR;SOUTHWEST;0.2;SE;KINCAID;NORWOOD;SR 1933;4000193310.0;3.64;SR 1933;SR;K;2011-11-26T20:00:00-05:00;SUNDAY;1899-12-29T19:09:21-05:00;DARK - ROADWAY NOT LIGHTED;DRY;Y;N;N;N;N;N;OTHER;NO ERROR;"{""type"": ""Point"", ""coordinates"": [-81.5158059329507, 35.87205137026485]}";35.8720513703, -81.515805933
873;102977962.0;CASWELL;16.0;YANCEYVILLE;NC 86;0.1;N;SR 1774;SR 1724;NC 86;3000008620.0;4.2;NC 86;NC;K;2010-09-30T22:00:00-04:00;FRIDAY;1899-12-29T19:09:21-05:00;DAYLIGHT;WET;UNK;N;Y;N;N;N;LANE_DEPARTURE;NO ERROR;"{""type"": ""Point"", ""coordinates"": [-79.2145496748325, 36.297479610507295]}";36.2974796105, -79.2145496748
877;104249746.0;CATAWBA;17.0;CATAWBA;SR 1890;0.1;N;SR 2676;SR 1834;SR 1890;4000189020.0;0.3;SR 1890;SR;K;2014-12-12T20:00:00-05:00;SATURDAY;1899-12-29T19:09:21-05:00;DAYLIGHT;DRY;N;N;N;N;Y;N;LANE_DEPARTURE;NO ERROR;"{""type"": ""Point"", ""coordinates"": [-81.00923658091077, 35.645765033662116]}";35.6457650337, -81.0092365809
825;104132300.0;CARTERET;15.0;CAPE CARTERET;SR 1101;0.5;S;SR 1780;SR 1102;SR 1101;4000110120.0;999.999;SR 1101;SR;K;2014-08-08T22:00:00-04:00;SATURDAY;1899-12-29T19:09:21-05:00;DARK - ROADWAY NOT LIGHTED;DRY;N;N;N;N;N;N;LANE_DEPARTURE;ROUTE MEASURE NOT FOUND;;
849;104135325.0;CATAWBA;17.0;NEWTON;NC 16;0.5;N;NC 16;SR 1891;NC 16;3000001620.0;999.999;NC 16;NC;K;2014-06-14T22:00:00-04:00;SUNDAY;1899-12-29T19:09:21-05:00;DARK - ROADWAY NOT LIGHTED;DRY;Y;N;N;N;N;N;LANE_DEPARTURE;ROUTE MEASURE NOT FOUND;;
875;103820830.0;BUNCOMBE;10.0;ASHEVILLE;SR 2412;0.0;;SR 2002;SR 2430;SR 2412;4000241210.0;999.999;SR 2412;SR;K;2013-08-04T22:00:00-04:00;MONDAY;1899-12-29T19:09:21-05:00;DAYLIGHT;DRY;N;Y;N;N;Y;N;FRONTAL_IMPACT;ROUTE MEASURE NOT FOUND;;
850;103817417.0;BURKE;11.0;VALDESE;ELDRED;0.0;;*LCL R AND R MINI STORAGE;PINEBURR;;5000949510.0;999.999;ELDRED;LCL;K;2013-06-24T22:00:00-04:00;TUESDAY;1899-12-29T19:09:21-05:00;DAYLIGHT;DRY;UNK;N;N;N;Y;N;FRONTAL_IMPACT;ROUTE NOT FOUND;;
1056;103787162.0;CUMBERLAND;25.0;FAYETTEVILLE;RAEFORD;0.085;W;IRELAN;MONTCLAIR;US 401BUS;2900040130.0;1.5650000000000002;US 401BUS;US;K;2013-01-11T20:00:00-05:00;SATURDAY;1899-12-29T19:09:21-05:00;DARK - LIGHTED ROADWAY;DRY;N;N;N;N;Y;N;FRONTAL_IMPACT;NO ERROR;"{""type"": ""Point"", ""coordinates"": [-78.94894022673589, 35.04368763618395]}";35.0436876362, -78.9489402267
1048;103466073.0;CUMBERLAND;25.0;FAYETTEVILLE;BRAGG;0.009000000000000001;N;JOHNSON;*LCL TOP HAT STREET;NC 24;3000002430.0;8.781;NC 24;NC;K;2012-05-03T22:00:00-04:00;FRIDAY;1899-12-29T19:09:21-05:00;DARK - LIGHTED ROADWAY;DRY;Y;N;N;N;Y;Y;PEDESTRIAN;NO ERROR;"{""type"": ""Point"", ""coordinates"": [-78.95542810893643, 35.0939099821603]}";35.0939099822, -78.9554281089
1036;102939912.0;CUMBERLAND;25.0;FAYETTEVILLE;BRAGG;0.03;E;BLUE;MARTIN LUTHER KING;NC 24;3000002430.0;13.06;NC 24;NC;K;2010-08-07T22:00:00-04:00;SUNDAY;1899-12-29T19:09:21-05:00;DARK - LIGHTED ROADWAY;DRY;Y;N;N;N;N;N;PEDESTRIAN;NO ERROR;"{""type"": ""Point"", ""coordinates"": [-78.89345715374738, 35.063603560240246]}";35.0636035602, -78.8934571537
1062;103958538.0;CUMBERLAND;25.0;FAYETTEVILLE;RAEFORD;0.028;W;DUKE;SKIBO;US 401BUS;2900040130.0;0.082;US 401BUS;US;K;2013-08-18T22:00:00-04:00;MONDAY;1899-12-29T19:09:21-05:00;DARK - LIGHTED ROADWAY;WET;N;N;N;N;Y;N;PEDESTRIAN;NO ERROR;"{""type"": ""Point"", ""coordinates"": [-78.9747340942348, 35.04419222492607]}";35.0441922249, -78.9747340942
1044;103591124.0;CUMBERLAND;25.0;FAYETTEVILLE;BRAGG;0.059000000000000004;N;SWAIN;MIKE;NC 24;3000002430.0;9.191;NC 24;NC;K;2011-03-07T20:00:00-05:00;TUESDAY;1899-12-29T19:09:21-05:00;DARK - LIGHTED ROADWAY;DRY;Y;N;N;N;N;N;LANE_DEPARTURE;NO ERROR;"{""type"": ""Point"", ""coordinates"": [-78.95313773094617, 35.088279535241305]}";35.0882795352, -78.9531377309
1035;103712352.0;CUMBERLAND;25.0;FAYETTEVILLE;GROVE;0.047;SE;B;EASTERN;NC 24;3000002430.0;14.817;NC 24;NC;K;2012-10-17T22:00:00-04:00;THURSDAY;1899-12-29T19:09:21-05:00;DARK - LIGHTED ROADWAY;DRY;N;N;N;N;Y;N;PEDESTRIAN;NO ERROR;"{""type"": ""Point"", ""coordinates"": [-78.86615372284274, 35.05352614915218]}";35.0535261492, -78.8661537228
586;102903363.0;CABARRUS;12.0;MIDLAND;NC 24;0.011000000000000001;W;SR 1132;GREY COMMERCIAL;NC 24;3000002410.0;1.9220000000000002;NC 24;NC;K;2010-06-29T22:00:00-04:00;WEDNESDAY;1899-12-29T19:09:21-05:00;DAYLIGHT;WET;N;N;Y;N;N;N;REAR_END;NO ERROR;"{""type"": ""Point"", ""coordinates"": [-80.5726270038286, 35.248903633323486]}";35.2489036333, -80.5726270038
591;104084847.0;CHATHAM;18.0;SILER CITY;NC 22;0.045000000000000005;S;SR 1002;SR 1151;NC 22;3000002220.0;3.375;NC 22;NC;K;2014-06-13T22:00:00-04:00;SATURDAY;1899-12-29T19:09:21-05:00;DAYLIGHT;DRY;N;Y;N;N;Y;N;FRONTAL_IMPACT;NO ERROR;"{""type"": ""Point"", ""coordinates"": [-79.54792063730282, 35.558992382218285]}";35.5589923822, -79.5479206373
583;103547333.0;CARTERET;15.0;MOREHEAD CITY;NC 24;0.031;E;SR 1619;SR 1145;NC 24;3000002420.0;15.235000000000001;NC 24;NC;K;2012-09-12T22:00:00-04:00;THURSDAY;1899-12-29T19:09:21-05:00;DAYLIGHT;DRY;N;N;N;N;N;N;REAR_END;NO ERROR;"{""type"": ""Point"", ""coordinates"": [-76.86171406169969, 34.734319891418295]}";34.7343198914, -76.8617140617
588;102944674.0;CATAWBA;17.0;NEWTON;NC 16;0.9;N;SR 1810;SR 1884;NC 16;3000001620.0;8.153;NC 16;NC;K;2010-08-20T22:00:00-04:00;SATURDAY;1899-12-29T19:09:21-05:00;DAYLIGHT;DRY;N;N;N;N;Y;N;OTHER;NO ERROR;"{""type"": ""Point"", ""coordinates"": [-81.15975219790064, 35.634458797930904]}";35.6344587979, -81.1597521979
593;104184036.0;BURKE;11.0;MORGANTON;BURKEMONT;0.0;;CONLEY;HOPEWELL;US 64;2000006410.0;12.4;US 64;US;K;2014-08-31T22:00:00-04:00;MONDAY;1899-12-29T19:09:21-05:00;DAYLIGHT;DRY;N;Y;N;N;N;Y;FRONTAL_IMPACT;NO ERROR;"{""type"": ""Point"", ""coordinates"": [-81.6928792432024, 35.72443931966926]}";35.7244393197, -81.6928792432
595;103718765.0;CABARRUS;12.0;CONCORD;SR 1442;2.2;S;SR 1394;SR 2894;SR 1442;4000144210.0;5.793;SR 1442;SR;K;2013-04-03T22:00:00-04:00;THURSDAY;1899-12-29T19:09:21-05:00;DAYLIGHT;WET;N;N;N;N;N;N;LANE_DEPARTURE;ROUTE MEASURE NOT FOUND;;
579;103194738.0;BURKE;11.0;MORGANTON;NC 181;0.5;S;SR 1402;SR 1264;NC 181;3000018110.0;999.999;NC 181;NC;K;2011-07-05T22:00:00-04:00;WEDNESDAY;1899-12-29T19:09:21-05:00;DAYLIGHT;DRY;N;Y;N;N;Y;N;OTHER;ROUTE MEASURE NOT FOUND;;
587;103111577.0;CALDWELL;13.0;GRANITE FALLS;CENTRAL;0.053000000000000005;E;BERKELEY;*LCL EAST BERKLEY AVE;;5000551510.0;999.999;CENTRAL;LCL;K;2011-02-25T20:00:00-05:00;SATURDAY;1899-12-29T19:09:21-05:00;DAYLIGHT;DRY;N;N;N;N;Y;N;PEDESTRIAN;ROUTE NOT FOUND;;
720;103596135.0;CAMDEN;14.0;ELIZABETH CITY;NC 343;0.013000000000000001;S;SR 1210;SR 1280;NC 343;3000034310.0;19.624000000000002;NC 343;NC;K;2012-11-07T20:00:00-05:00;THURSDAY;1899-12-29T19:09:21-05:00;DARK - ROADWAY NOT LIGHTED;DRY;N;N;N;N;N;Y;LANE_DEPARTURE;NO ERROR;"{""type"": ""Point"", ""coordinates"": [-76.2732266922521, 36.40230663657118]}";36.4023066366, -76.2732266923
678;104071890.0;CALDWELL;13.0;SAW MILLS;US 321ALT;0.15;S;SR 1116;SR 1117;US 321ALT;2100032110.0;5.0200000000000005;US 321ALT;US;K;2014-05-21T22:00:00-04:00;THURSDAY;1899-12-29T19:09:21-05:00;DARK - ROADWAY NOT LIGHTED;DRY;Y;N;N;N;N;N;PEDESTRIAN;NO ERROR;"{""type"": ""Point"", ""coordinates"": [-81.46845164939181, 35.815505606014334]}";35.815505606, -81.4684516494
758;103772317.0;CATAWBA;17.0;CONOVER;SR 1484;0.048;S;SR 1489;SR 2327;SR 1484;4000148420.0;1.68;SR 1484;SR;K;2013-06-04T22:00:00-04:00;WEDNESDAY;1899-12-29T19:09:21-05:00;DAYLIGHT;DRY;N;N;N;N;Y;N;LANE_DEPARTURE;NO ERROR;"{""type"": ""Point"", ""coordinates"": [-81.23677368274608, 35.751725639840004]}";35.7517256398, -81.2367736827