OBJECTID;CRSH_ID;COUNTY;COUNTY_NBR;MUNCIPALIT;ON_RD;DIS;DIR;FROM_RD;TWDS_RD;MLPST_RD;GIS_MP_ROU;MILEPOST;HO_ROUTE_N;HO_ROUTE_C;SEV;CRASH_DATE;DAY;TIME;LIGHT_COND;ROAD_SURFA;ALCOHOL_FL;MOTORCYCLE;HEAVY_TRUC;SPEED_RELA;OLDER_DRIV;TEEN_DRIVE;CRASH_TYPE;LOC_ERROR;geo_shape;geo_point_2d
743;104066855.0;CALDWELL;13.0;LENOIR;NC 268;0.4;E;SR 1552;CL-WILKES;NC 268;3000026810.0;11.23;NC 268;NC;K;2014-05-24T22:00:00-04:00;SUNDAY;1899-12-29T19:09:21-05:00;DAYLIGHT;DRY;N;Y;N;N;N;N;LANE_DEPARTURE;NO ERROR;"{""type"": ""Point"", ""coordinates"": [-81.42867769599137, 36.06083370678239]}";36.0608337068, -81.428677696
724;103087842.0;CATAWBA;17.0;MAIDEN;SR 1844;0.034;S;SR 1983;CL-LINCOLN;SR 1844;4000184420.0;0.456;SR 1844;SR;K;2011-02-07T20:00:00-05:00;TUESDAY;1899-12-29T19:09:21-05:00;DUSK;DRY;Y;N;N;N;N;N;LANE_DEPARTURE;NO ERROR;"{""type"": ""Point"", ""coordinates"": [-80.99564096363672, 35.55114763529588]}";35.5511476353, -80.9956409636
725;103005401.0;CARTERET;15.0;NEWPORT;US 70;0.2;SE;SR 1148;SR 1149;US 70;2000007020.0;6.96;US 70;US;K;2010-11-03T21:00:00-04:00;THURSDAY;1899-12-29T19:09:21-05:00;DAYLIGHT;DRY;N;N;N;N;Y;N;PEDALCYCLIST;NO ERROR;"{""type"": ""Point"", ""coordinates"": [-76.84632327381092, 34.75525231061862]}";34.7552523106, -76.8463232738
753;103326721.0;BUNCOMBE;10.0;ASHEVILLE;SR 3136;0.5;N;SR 3221;SR 3150;SR 3136;4000313610.0;2.1;SR 3136;SR;K;2011-12-02T20:00:00-05:00;SATURDAY;1899-12-29T19:09:21-05:00;DUSK;DRY;N;N;N;N;N;Y;FRONTAL_IMPACT;NO ERROR;"{""type"": ""Point"", ""coordinates"": [-82.46258191744445, 35.46603765352873]}";35.4660376535, -82.4625819174
761;103665259.0;CATAWBA;17.0;NEWTON;NC 16;0.2;SE;SR 2105;SR 1801;NC 16;3000001620.0;10.332;NC 16;NC;K;2013-01-27T20:00:00-05:00;MONDAY;1899-12-29T19:09:21-05:00;DAYLIGHT;DRY;N;N;N;N;Y;N;REAR_END;NO ERROR;"{""type"": ""Point"", ""coordinates"": [-81.19403537781116, 35.64767477531085]}";35.6476747753, -81.1940353778
726;102829707.0;CATAWBA;17.0;NEWTON;NC 150;0.0;;NC 16;SR 1855;NC 150;3000015020.0;0.93;NC 150;NC;K;2010-03-31T22:00:00-04:00;THURSDAY;1899-12-29T19:09:21-05:00;DARK - ROADWAY NOT LIGHTED;DRY;N;N;Y;N;Y;N;FRONTAL_IMPACT;NO ERROR;"{""type"": ""Point"", ""coordinates"": [-81.0633840300681, 35.55882443904388]}";35.558824439, -81.0633840301
742;103070607.0;BURKE;11.0;MORGANTON;MCDOWELL;0.08900000000000001;S;WHITE;GREEN;;5001945310.0;999.999;MCDOWELL;LCL;K;2010-12-30T20:00:00-05:00;FRIDAY;1899-12-29T19:09:21-05:00;DARK - LIGHTED ROADWAY;DRY;UNK;N;N;N;N;N;LANE_DEPARTURE;ROUTE NOT FOUND;;
833;103936848.0;CHATHAM;18.0;SILER CITY;SR 1006;0.3;N;SR 1005;SR 1134;SR 1006;4000100620.0;12.947000000000001;SR 1006;SR;K;2013-12-24T20:00:00-05:00;WEDNESDAY;1899-12-29T19:09:21-05:00;DARK - ROADWAY NOT LIGHTED;DRY;Y;N;N;Y;N;N;OTHER;NO ERROR;"{""type"": ""Point"", ""coordinates"": [-79.47639438048726, 35.64088448459465]}";35.6408844846, -79.4763943805
846;103085894.0;BURKE;11.0;DREXEL;SR 1843;0.15;SE;SR 1726;SR 1734;SR 1843;4000184310.0;0.15;SR 1843;SR;K;2011-02-05T20:00:00-05:00;SUNDAY;1899-12-29T19:09:21-05:00;DARK - ROADWAY NOT LIGHTED;DRY;N;N;N;Y;N;N;LANE_DEPARTURE;NO ERROR;"{""type"": ""Point"", ""coordinates"": [-81.5944692979105, 35.72828788433916]}";35.7282878843, -81.5944692979
834;104254487.0;CASWELL;16.0;YANCEYVILLE;SR 1356;0.006;E;SR 1355;SR 1357;SR 1356;4000135620.0;0.666;SR 1356;SR;K;2014-12-06T20:00:00-05:00;SUNDAY;1899-12-29T19:09:21-05:00;DAYLIGHT;DRY;Y;N;N;N;N;N;LANE_DEPARTURE;NO ERROR;"{""type"": ""Point"", ""coordinates"": [-79.44887886586179, 36.537825091967285]}";36.537825092, -79.4488788659
830;102914358.0;CATAWBA;17.0;HICKORY;NC 127;0.2;S;SR 1176;SR 1178;NC 127;3000012720.0;3.89;NC 127;NC;K;2010-07-16T22:00:00-04:00;SATURDAY;1899-12-29T19:09:21-05:00;DAYLIGHT;WET;N;N;N;Y;Y;N;LANE_DEPARTURE;NO ERROR;"{""type"": ""Point"", ""coordinates"": [-81.3805780642605, 35.679037822578366]}";35.6790378226, -81.3805780643
863;103778157.0;CHATHAM;18.0;GOLDSTON;SR 2154;0.2;W;SR 2155;SR 2153;SR 2154;4000215420.0;0.2;SR 2154;SR;K;2013-06-14T22:00:00-04:00;SATURDAY;1899-12-29T19:09:21-05:00;DAYLIGHT;DRY;Y;N;N;N;N;N;LANE_DEPARTURE;NO ERROR;"{""type"": ""Point"", ""coordinates"": [-79.2121328767406, 35.620938973376326]}";35.6209389734, -79.2121328767
845;103050563.0;CATAWBA;17.0;NEWTON;NC 16;0.3;S;SR 1003;SR 1816;NC 16;3000001620.0;4.533;NC 16;NC;K;2010-12-22T20:00:00-05:00;THURSDAY;1899-12-29T19:09:21-05:00;DAYLIGHT;DRY;N;N;N;N;Y;N;FRONTAL_IMPACT;NO ERROR;"{""type"": ""Point"", ""coordinates"": [-81.10865463687037, 35.603685517667664]}";35.6036855177, -81.1086546369
860;102882246.0;CABARRUS;12.0;MIDLAND;US 601;0.0;;SR 1119;SR 1115;US 601;2000060110.0;2.0;US 601;US;K;2010-06-04T22:00:00-04:00;SATURDAY;1899-12-29T19:09:21-05:00;DAYLIGHT;DRY;N;N;N;N;N;N;FRONTAL_IMPACT;NO ERROR;"{""type"": ""Point"", ""coordinates"": [-80.5124913706902, 35.22289387521549]}";35.2228938752, -80.5124913707
822;103357207.0;BUNCOMBE;10.0;ASHEVILLE;SR 2805;1.3800000000000001;E;SR 2810;SR 2809;SR 2805;4000280510.0;999.999;SR 2805;SR;K;2012-01-18T20:00:00-05:00;THURSDAY;1899-12-29T19:09:21-05:00;DAYLIGHT;DRY;N;N;N;N;N;N;LANE_DEPARTURE;ROUTE MEASURE NOT FOUND;;
824;103643085.0;CATAWBA;17.0;HICKORY;SIXTEENTH;0.014;N;31ST;31ST;SIXTEENTH;5002829320.0;999.999;SIXTEENTH;LCL;K;2012-12-08T20:00:00-05:00;SUNDAY;1899-12-29T19:09:21-05:00;DARK - LIGHTED ROADWAY;DRY;Y;Y;N;N;N;N;LANE_DEPARTURE;ROUTE NOT FOUND;;
848;102824590.0;CALDWELL;13.0;LENOIR;WAKEFIELD;0.008;SW;PEAK;MEADOW;;5003191710.0;999.999;WAKEFIELD;LCL;K;2010-03-22T21:00:00-04:00;TUESDAY;1899-12-29T19:09:21-05:00;DAYLIGHT;DRY;N;N;N;N;N;Y;PEDALCYCLIST;ROUTE NOT FOUND;;
949;103238594.0;CUMBERLAND;25.0;FAYETTEVILLE;LAKEWOOD;0.038;SW;MIDDLETON;FRANCISCAN;SR 1108;4000110830.0;3.248;SR 1108;SR;K;2011-06-04T22:00:00-04:00;SUNDAY;1899-12-29T19:09:21-05:00;DARK - LIGHTED ROADWAY;DRY;UNK;N;N;N;N;Y;LANE_DEPARTURE;NO ERROR;"{""type"": ""Point"", ""coordinates"": [-78.99988441347355, 34.99605395785577]}";34.9960539579, -78.9998844135
930;103838254.0;CUMBERLAND;25.0;HOPE MILLS;SR 1116;0.1;N;SR 1288;CL-ROBESON;SR 1116;4000111630.0;1.09;SR 1116;SR;K;2013-08-30T22:00:00-04:00;SATURDAY;1899-12-29T19:09:21-05:00;DARK - ROADWAY NOT LIGHTED;DRY;Y;N;N;N;N;N;PEDESTRIAN;NO ERROR;"{""type"": ""Point"", ""coordinates"": [-79.00253510947239, 34.944020884533124]}";34.9440208845, -79.0025351095
923;104156413.0;CUMBERLAND;25.0;HOPE MILLS;SR 1123;0.002;S;SR 1122;*LCL - -;SR 1123;4000112330.0;0.0;SR 1123;SR;K;2014-08-31T22:00:00-04:00;MONDAY;1899-12-29T19:09:21-05:00;DARK - ROADWAY NOT LIGHTED;DRY;N;N;N;Y;N;N;LANE_DEPARTURE;NO ERROR;"{""type"": ""Point"", ""coordinates"": [-78.94671371997016, 34.94291535738846]}";34.9429153574, -78.94671372
936;103999561.0;CUMBERLAND;25.0;HOPE MILLS;SR 1113;0.5;S;SR 1003;SR 3399;SR 1113;4000111330.0;0.5;SR 1113;SR;K;2014-03-01T20:00:00-05:00;SUNDAY;1899-12-29T19:09:21-05:00;DARK - ROADWAY NOT LIGHTED;DRY;Y;N;N;Y;N;N;LANE_DEPARTURE;NO ERROR;"{""type"": ""Point"", ""coordinates"": [-79.00790512438071, 34.966169183819]}";34.9661691838, -79.0079051244
915;103852958.0;CALDWELL;13.0;LENOIR;SR 1001;0.4;S;SR 1134;SR 1130;SR 1001;4000100110.0;4.84;SR 1001;SR;K;2013-09-17T22:00:00-04:00;WEDNESDAY;1899-12-29T19:09:21-05:00;DARK - ROADWAY NOT LIGHTED;DRY;N;Y;N;N;N;N;REAR_END;NO ERROR;"{""type"": ""Point"", ""coordinates"": [-81.53557521031875, 35.82963516102183]}";35.829635161, -81.5355752103
917;104181549.0;CASWELL;16.0;YANCEYVILLE;SR 1343;0.2;N;SR 1344;SR 1380;SR 1343;4000134320.0;1.04;SR 1343;SR;K;2014-10-10T22:00:00-04:00;SATURDAY;1899-12-29T19:09:21-05:00;DAYLIGHT;DRY;UNK;N;N;N;N;N;LANE_DEPARTURE;NO ERROR;"{""type"": ""Point"", ""coordinates"": [-79.5160878000124, 36.48856299251622]}";36.4885629925, -79.5160878
900;102831229.0;CALDWELL;13.0;LENOIR;SR 1143;0.15;N;SR 1322;SR 1301;SR 1143;4000114310.0;4.13;SR 1143;SR;K;2010-03-24T21:00:00-04:00;THURSDAY;1899-12-29T19:09:21-05:00;DAYLIGHT;DRY;N;N;N;N;N;N;LANE_DEPARTURE;NO ERROR;"{""type"": ""Point"", ""coordinates"": [-81.6179803954814, 35.884024172336815]}";35.8840241723, -81.6179803955
902;103476038.0;CATAWBA;17.0;CLAREMONT;I 40;0.0;;*MILE 138;SR 1717;I 40;1000004020.0;18.243000000000002;I 40;INTERSTATE;K;2012-06-13T22:00:00-04:00;THURSDAY;1899-12-29T19:09:21-05:00;DAYLIGHT;DRY;N;N;Y;N;N;N;REAR_END;NO ERROR;"{""type"": ""Point"", ""coordinates"": [-81.09933491410058, 35.735064386888496]}";35.7350643869, -81.0993349141
620;103005654.0;CARTERET;15.0;BEAUFORT;US 70;3.6;E;SR 1411;SR 1371;US 70;2000007020.0;36.51;US 70;US;K;2010-11-05T21:00:00-04:00;SATURDAY;1899-12-29T19:09:21-05:00;DARK - ROADWAY NOT LIGHTED;DRY;Y;N;N;N;N;N;LANE_DEPARTURE;NO ERROR;"{""type"": ""Point"", ""coordinates"": [-76.45952109047049, 34.80253614703891]}";34.802536147, -76.4595210905
644;103099051.0;CALDWELL;13.0;LENOIR;SR 1143;0.1;S;US 64;SR 1243;SR 1143;4000114310.0;6.07;SR 1143;SR;K;2011-02-17T20:00:00-05:00;FRIDAY;1899-12-29T19:09:21-05:00;DARK - ROADWAY NOT LIGHTED;DRY;Y;N;N;N;N;N;LANE_DEPARTURE;NO ERROR;"{""type"": ""Point"", ""coordinates"": [-81.59680569908224, 35.86593919321403]}";35.8659391932, -81.5968056991
642;103574113.0;CABARRUS;12.0;CONCORD;OLD AIRPORT;0.02;E;SETTER;CRESTMONT;SR 2635;4000263510.0;0.35000000000000003;SR 2635;SR;K;2012-10-01T22:00:00-04:00;TUESDAY;1899-12-29T19:09:21-05:00;DAYLIGHT;DRY;N;N;N;N;Y;N;LANE_DEPARTURE;NO ERROR;"{""type"": ""Point"", ""coordinates"": [-80.54633862979946, 35.38694730691551]}";35.3869473069, -80.5463386298
668;103503136.0;CATAWBA;17.0;HICKORY;CLONINGER MILL;0.3;E;NC 127;NINTH;SR 1400;4000140020.0;2.9130000000000003;SR 1400;SR;K;2012-07-01T22:00:00-04:00;MONDAY;1899-12-29T19:09:21-05:00;UNKNOWN;UNKNOWN;UNK;N;N;N;N;N;LANE_DEPARTURE;NO ERROR;"{""type"": ""Point"", ""coordinates"": [-81.30653037231689, 35.78830871633382]}";35.7883087163, -81.3065303723
608;102832320.0;CATAWBA;17.0;MAIDEN;US 321BUS;0.1;S;SR 1883;SR 2011;US 321BUS;2900032120.0;4.781000000000001;US 321BUS;US;K;2010-04-03T22:00:00-04:00;SUNDAY;1899-12-29T19:09:21-05:00;DAYLIGHT;DRY;UNK;N;N;N;N;N;LANE_DEPARTURE;NO ERROR;"{""type"": ""Point"", ""coordinates"": [-81.21416851392165, 35.61268624697306]}";35.612686247, -81.2141685139
655;103248286.0;CABARRUS;12.0;KANNAPOLIS;NC 73;0.08;W;PRIVATE;SR 1529;NC 73;3000007310.0;4.03;NC 73;NC;K;2011-09-09T22:00:00-04:00;SATURDAY;1899-12-29T19:09:21-05:00;DAYLIGHT;DRY;N;Y;N;N;Y;N;LANE_DEPARTURE;NO ERROR;"{""type"": ""Point"", ""coordinates"": [-80.69424044748773, 35.43724633677703]}";35.4372463368, -80.6942404475
640;102931703.0;BURKE;11.0;MORGANTON;SR 1129;0.08;S;SR 1142;SR 1136;SR 1129;4000112910.0;0.8300000000000001;SR 1129;SR;K;2010-08-05T22:00:00-04:00;FRIDAY;1899-12-29T19:09:21-05:00;DAYLIGHT;DRY;N;N;N;N;Y;N;LANE_DEPARTURE;NO ERROR;"{""type"": ""Point"", ""coordinates"": [-81.84133392855686, 35.6871915646002]}";35.6871915646, -81.8413339286
625;104139752.0;CHATHAM;18.0;SILER CITY;SR 1554;1.1;W;CL-ALAMANCE;SR 1003;SR 1554;4000155420.0;0.0;SR 1554;SR;K;2014-08-23T22:00:00-04:00;SUNDAY;1899-12-29T19:09:21-05:00;DAYLIGHT;DRY;N;Y;N;Y;N;N;OTHER;NO ERROR;"{""type"": ""Point"", ""coordinates"": [-79.33025423419599, 35.84396195223968]}";35.8439619522, -79.3302542342
656;103893725.0;CAMDEN;14.0;ELIZABETH CITY;US 17;0.0;;SR 1251;CL-PASQUOTANK;US 17;2000001710.0;0.34;US 17;US;K;2013-10-30T21:00:00-04:00;THURSDAY;1899-12-29T19:09:21-05:00;DARK - ROADWAY NOT LIGHTED;DRY;UNK;Y;N;N;N;N;FRONTAL_IMPACT;NO ERROR;"{""type"": ""Point"", ""coordinates"": [-76.34214849981848, 36.426577618843936]}";36.4265776188, -76.3421484998
651;103012165.0;CARTERET;15.0;BEAUFORT;NC 101;0.002;NW;BELL CREEK;SR 1162;NC 101;3000010120.0;999.999;NC 101;NC;K;2010-11-11T20:00:00-05:00;FRIDAY;1899-12-29T19:09:21-05:00;DAYLIGHT;DRY;N;N;N;N;N;N;PEDESTRIAN;ROUTE MEASURE NOT FOUND;;
806;103587616.0;CABARRUS;12.0;CONCORD;ROBERTA;0.038;N;FOUNTAIN VIEW;*LCL SADDLEWOOD BLVD;SR 1304;4000130410.0;3.5660000000000003;SR 1304;SR;K;2012-10-20T22:00:00-04:00;SUNDAY;1899-12-29T19:09:21-05:00;DAYLIGHT;DRY;N;Y;N;Y;N;N;OTHER;NO ERROR;"{""type"": ""Point"", ""coordinates"": [-80.62813671915303, 35.36854618745103]}";35.3685461875, -80.6281367192
776;104106696.0;CATAWBA;17.0;HICKORY;SR 1400;0.083;SE;SR 1595;SR 1453;SR 1400;4000140020.0;0.438;SR 1400;SR;K;2014-06-28T22:00:00-04:00;SUNDAY;1899-12-29T19:09:21-05:00;DARK - ROADWAY NOT LIGHTED;DRY;Y;N;N;N;N;N;PEDESTRIAN;NO ERROR;"{""type"": ""Point"", ""coordinates"": [-81.27420587922258, 35.768257164418095]}";35.7682571644, -81.2742058792
784;104013750.0;CASWELL;16.0;MILTON;NC 57;0.019;S;SR 1554;NC 119;NC 57;3000005720.0;1.8150000000000002;NC 57;NC;K;2014-03-22T21:00:00-04:00;SUNDAY;1899-12-29T19:09:21-05:00;DARK - ROADWAY NOT LIGHTED;DRY;N;N;N;Y;N;N;LANE_DEPARTURE;NO ERROR;"{""type"": ""Point"", ""coordinates"": [-79.16966193332331, 36.501756110509874]}";36.5017561105, -79.1696619333
802;103106987.0;CALDWELL;13.0;LENOIR;US 64;0.3;S;SR 1811;SR 1733;US 64;2000006410.0;17.330000000000002;US 64;US;K;2011-03-06T20:00:00-05:00;MONDAY;1899-12-29T19:09:21-05:00;DARK - ROADWAY NOT LIGHTED;DRY;N;N;N;N;N;N;LANE_DEPARTURE;NO ERROR;"{""type"": ""Point"", ""coordinates"": [-81.37819967312984, 35.9094929720267]}";35.909492972, -81.3781996731
779;103825962.0;CHATHAM;18.0;BENNETT;SR 2318;0.054;N;SR 2326;NC 42;SR 2318;4000231820.0;0.444;SR 2318;SR;K;2013-08-12T22:00:00-04:00;TUESDAY;1899-12-29T19:09:21-05:00;DAYLIGHT;DRY;N;N;N;N;Y;N;LANE_DEPARTURE;NO ERROR;"{""type"": ""Point"", ""coordinates"": [-79.49345626915455, 35.522206951621314]}";35.5222069516, -79.4934562692
803;102901741.0;CHATHAM;18.0;PITTSBORO;US 15;0.2;N;SR 1527;SR 1528;US 15;2000001520.0;18.57;US 15;US;K;2010-06-22T22:00:00-04:00;WEDNESDAY;1899-12-29T19:09:21-05:00;DAYLIGHT;DRY;N;N;N;N;N;N;LANE_DEPARTURE;NO ERROR;"{""type"": ""Point"", ""coordinates"": [-79.09355170642642, 35.80681348639852]}";35.8068134864, -79.0935517064
777;103566339.0;CABARRUS;12.0;CONCORD;BRANCHVIEW;0.0;S;LAWNDALE;UNION;NC 3;3000000310.0;2.0460000000000003;NC 3;NC;K;2012-09-21T22:00:00-04:00;SATURDAY;1899-12-29T19:09:21-05:00;DAYLIGHT;DRY;N;Y;N;N;Y;N;SIDESWIPE;NO ERROR;"{""type"": ""Point"", ""coordinates"": [-80.55790317441559, 35.40134032452166]}";35.4013403245, -80.5579031744
770;103694070.0;CARTERET;15.0;BEAUFORT;US 70;1.8;NE;SR 1371;NC 12;US 70;2000007020.0;41.86;US 70;US;K;2013-03-04T20:00:00-05:00;TUESDAY;1899-12-29T19:09:21-05:00;DAYLIGHT;DRY;N;N;N;N;Y;N;LANE_DEPARTURE;NO ERROR;"{""type"": ""Point"", ""coordinates"": [-76.41566347463514, 34.86586737341262]}";34.8658673734, -76.4156634746
774;104235657.0;CARTERET;15.0;BOGUE;NC 24;0.1;W;SR 1225;SR 1227;NC 24;3000002420.0;6.091;NC 24;NC;K;2014-12-03T20:00:00-05:00;THURSDAY;1899-12-29T19:09:21-05:00;DAYLIGHT;DRY;N;N;N;N;N;N;REAR_END;NO ERROR;"{""type"": ""Point"", ""coordinates"": [-77.0163657227902, 34.704407718700224]}";34.7044077187, -77.0163657228
775;103158287.0;CABARRUS;12.0;KANNAPOLIS;DAVIDSON;0.0;;KANNAPOLIS;*;NC 73;3000007310.0;4.84;NC 73;NC;K;2011-04-29T22:00:00-04:00;SATURDAY;1899-12-29T19:09:21-05:00;DAYLIGHT;DRY;N;N;N;N;Y;N;LANE_DEPARTURE;NO ERROR;"{""type"": ""Point"", ""coordinates"": [-80.67996533106174, 35.43637045909065]}";35.4363704591, -80.6799653311
892;103961711.0;CAMDEN;14.0;ELIZABETH CITY;SR 1145;0.2;N;SR 1137;US 158;SR 1145;4000114510.0;6.47;SR 1145;SR;K;2014-01-24T20:00:00-05:00;SATURDAY;1899-12-29T19:09:21-05:00;DARK - ROADWAY NOT LIGHTED;DRY;N;N;N;N;Y;N;PEDESTRIAN;NO ERROR;"{""type"": ""Point"", ""coordinates"": [-76.13445736376947, 36.3396783767934]}";36.3396783768, -76.1344573638
867;104108228.0;CHATHAM;18.0;SILER CITY;ELEVENTH;0.0;S;GREENSBORO;COTTAGE GROVE;US 64;2000006420.0;4.5;US 64;US;K;2014-06-15T22:00:00-04:00;MONDAY;1899-12-29T19:09:21-05:00;DAYLIGHT;DRY;N;N;N;N;Y;N;FRONTAL_IMPACT;NO ERROR;"{""type"": ""Point"", ""coordinates"": [-79.46695200189741, 35.73344583767126]}";35.7334458377, -79.4669520019
864;102978218.0;CATAWBA;17.0;HICKORY;US 321;0.2;S;CLEMENT;NINTH;US 321;2000032120.0;15.547;US 321;US;K;2010-09-23T22:00:00-04:00;FRIDAY;1899-12-29T19:09:21-05:00;DARK - ROADWAY NOT LIGHTED;DRY;UNK;N;N;N;N;Y;PEDESTRIAN;NO ERROR;"{""type"": ""Point"", ""coordinates"": [-81.36591883676417, 35.74469827784158]}";35.7446982778, -81.3659188368
869;103822744.0;BURKE;11.0;VALDESE;I 40;0.2;W;SR 1744;SR 1826;I 40;1000004010.0;18.356;I 40;INTERSTATE;K;2013-08-11T22:00:00-04:00;MONDAY;1899-12-29T19:09:21-05:00;DARK - ROADWAY NOT LIGHTED;DRY;N;N;N;N;N;N;OTHER;NO ERROR;"{""type"": ""Point"", ""coordinates"": [-81.54860629670009, 35.72852771050165]}";35.7285277105, -81.5486062967
886;103191016.0;CALDWELL;13.0;LENOIR;US 64;0.14300000000000002;NE;SR 1190;SR 1387;US 64;2000006410.0;4.163;US 64;US;K;2011-06-30T22:00:00-04:00;FRIDAY;1899-12-29T19:09:21-05:00;DAYLIGHT;DRY;Y;N;Y;N;N;N;FRONTAL_IMPACT;NO ERROR;"{""type"": ""Point"", ""coordinates"": [-81.58537748719677, 35.88213754289404]}";35.8821375429, -81.5853774872
893;103022065.0;CATAWBA;17.0;HICKORY;NC 127;0.024;S;SR 1351;SR 1400;NC 127;3000012720.0;13.794;NC 127;NC;K;2010-11-21T20:00:00-05:00;MONDAY;1899-12-29T19:09:21-05:00;DAYLIGHT;DRY;N;N;N;N;N;N;LANE_DEPARTURE;NO ERROR;"{""type"": ""Point"", ""coordinates"": [-81.30940887991386, 35.792099660493406]}";35.7920996605, -81.3094088799
865;103235855.0;BURKE;11.0;CONNELLY SPRINGS;SR 1607;0.8;N;US 70;SR 1698;SR 1607;4000160710.0;0.8;SR 1607;SR;K;2011-08-24T22:00:00-04:00;THURSDAY;1899-12-29T19:09:21-05:00;DAWN;DRY;N;N;N;N;N;N;LANE_DEPARTURE;NO ERROR;"{""type"": ""Point"", ""coordinates"": [-81.50337619483406, 35.75053310690554]}";35.7505331069, -81.5033761948
884;103263174.0;CATAWBA;17.0;HICKORY;US 321;0.42;S;*MILE 38;*MILE 37;US 321;2000032120.0;7.5;US 321;US;K;2011-09-24T22:00:00-04:00;SUNDAY;1899-12-29T19:09:21-05:00;DUSK;DRY;Y;N;N;Y;N;N;SIDESWIPE;NO ERROR;"{""type"": ""Point"", ""coordinates"": [-81.30556606321923, 35.64564502586436]}";35.6456450259, -81.3055660632
897;102830106.0;CARTERET;15.0;NEWPORT;US 70;0.0;;SR 1149;SR 1147;US 70;2000007020.0;7.59;US 70;US;K;2010-04-01T22:00:00-04:00;FRIDAY;1899-12-29T19:09:21-05:00;DARK - ROADWAY NOT LIGHTED;DRY;Y;N;N;N;Y;N;PEDESTRIAN;NO ERROR;"{""type"": ""Point"", ""coordinates"": [-76.83810434568717, 34.74912179267588]}";34.7491217927, -76.8381043457
880;103012920.0;CABARRUS;12.0;CONCORD;CONCORD;0.0;;CONCORD FARMS;PITTS SCHOOL;US 29;2000002910.0;3.18;US 29;US;K;2010-11-01T21:00:00-04:00;TUESDAY;1899-12-29T19:09:21-05:00;DAYLIGHT;DRY;N;Y;Y;N;Y;N;FRONTAL_IMPACT;NO ERROR;"{""type"": ""Point"", ""coordinates"": [-80.6553096209014, 35.37818203482003]}";35.3781820348, -80.6553096209
965;103725298.0;CUMBERLAND;25.0;VANDER;SR 1006;0.2;E;SR 1837;SR 1831;SR 1006;4000100630.0;5.1610000000000005;SR 1006;SR;K;2013-04-03T22:00:00-04:00;THURSDAY;1899-12-29T19:09:21-05:00;DARK - ROADWAY NOT LIGHTED;DRY;Y;N;N;N;N;N;LANE_DEPARTURE;NO ERROR;"{""type"": ""Point"", ""coordinates"": [-78.77860351713385, 35.03619732470148]}";35.0361973247, -78.7786035171
966;103875084.0;CURRITUCK;26.0;KITTY HAWK;US 158;0.3;E;SR 1246;SR 1247;US 158;2000015830.0;5.901000000000001;US 158;US;K;2013-10-06T22:00:00-04:00;MONDAY;1899-12-29T19:09:21-05:00;DAYLIGHT;WATER (STANDING, MOVING);N;N;N;Y;N;N;LANE_DEPARTURE;NO ERROR;"{""type"": ""Point"", ""coordinates"": [-76.0208719034982, 36.3889909294028]}";36.3889909294, -76.0208719035
964;102949852.0;CUMBERLAND;25.0;STEDMAN;SR 1006;0.9;N;SR 1843;SR 1826;SR 1006;4000100630.0;10.531;SR 1006;SR;K;2010-08-11T22:00:00-04:00;THURSDAY;1899-12-29T19:09:21-05:00;DARK - ROADWAY NOT LIGHTED;DRY;Y;N;N;Y;N;N;LANE_DEPARTURE;NO ERROR;"{""type"": ""Point"", ""coordinates"": [-78.69813935375052, 35.061654298866785]}";35.0616542989, -78.6981393538
958;103223040.0;CUMBERLAND;25.0;FAYETTEVILLE;OWEN;0.001;S;BOONE;NATAL;SR 1007;4000100730.0;4.329000000000001;SR 1007;SR;K;2011-06-05T22:00:00-04:00;MONDAY;1899-12-29T19:09:21-05:00;DAYLIGHT;DRY;UNK;N;N;N;Y;N;PEDESTRIAN;NO ERROR;"{""type"": ""Point"", ""coordinates"": [-78.92807589847034, 35.02802129277371]}";35.0280212928, -78.9280758985