OBJECTID;CRSH_ID;COUNTY;COUNTY_NBR;MUNCIPALIT;ON_RD;DIS;DIR;FROM_RD;TWDS_RD;MLPST_RD;GIS_MP_ROU;MILEPOST;HO_ROUTE_N;HO_ROUTE_C;SEV;CRASH_DATE;DAY;TIME;LIGHT_COND;ROAD_SURFA;ALCOHOL_FL;MOTORCYCLE;HEAVY_TRUC;SPEED_RELA;OLDER_DRIV;TEEN_DRIVE;CRASH_TYPE;LOC_ERROR;geo_shape;geo_point_2d
972;103775578.0;CUMBERLAND;25.0;STEDMAN;SR 1847;0.32;E;SR 2084;SR 1846;SR 1847;4000184730.0;0.8330000000000001;SR 1847;SR;K;2013-06-07T22:00:00-04:00;SATURDAY;1899-12-29T19:09:21-05:00;DAYLIGHT;DRY;UNK;N;N;N;N;N;REAR_END;NO ERROR;"{""type"": ""Point"", ""coordinates"": [-78.68038050083025, 35.06429101965359]}";35.0642910197, -78.6803805008
670;103155379.0;CALDWELL;13.0;GRANITE FALLS;SR 1755;0.013000000000000001;E;SR 1740;*PP 4462 PETRA MILL RD;SR 1755;4000175510.0;0.0;SR 1755;SR;K;2011-05-11T22:00:00-04:00;THURSDAY;1899-12-29T19:09:21-05:00;DAYLIGHT;DRY;N;N;N;N;Y;N;LANE_DEPARTURE;NO ERROR;"{""type"": ""Point"", ""coordinates"": [-81.36182762459885, 35.83170805789904]}";35.8317080579, -81.3618276246
597;103919368.0;CHATHAM;18.0;PITTSBORO;NC 902;0.4;E;SR 2181;SR 2178;NC 902;3000090220.0;13.790000000000001;NC 902;NC;K;2013-12-01T20:00:00-05:00;MONDAY;1899-12-29T19:09:21-05:00;DARK - ROADWAY NOT LIGHTED;DRY;Y;N;N;Y;N;N;LANE_DEPARTURE;NO ERROR;"{""type"": ""Point"", ""coordinates"": [-79.33775108509904, 35.64691377027127]}";35.6469137703, -79.3377510851
687;103715002.0;CABARRUS;12.0;KANNAPOLIS;CANNON;0.009000000000000001;N;FAIRVIEW;SMITH;US 29;2000002910.0;12.829;US 29;US;K;2013-03-14T21:00:00-04:00;FRIDAY;1899-12-29T19:09:21-05:00;DARK - LIGHTED ROADWAY;DRY;UNK;N;N;N;N;N;PEDESTRIAN;NO ERROR;"{""type"": ""Point"", ""coordinates"": [-80.61114377080126, 35.487521758007304]}";35.487521758, -80.6111437708
711;103083018.0;CATAWBA;17.0;MAIDEN;US 321;0.059000000000000004;N;*MILE 35;SR 2019;US 321;2000032120.0;4.985;US 321;US;K;2011-01-21T20:00:00-05:00;SATURDAY;1899-12-29T19:09:21-05:00;DARK - ROADWAY NOT LIGHTED;DRY;N;Y;N;Y;N;N;REAR_END;NO ERROR;"{""type"": ""Point"", ""coordinates"": [-81.2814440827221, 35.61566239534556]}";35.6156623953, -81.2814440827
701;103700561.0;BURKE;11.0;MORGANTON;US 64;0.1;S;SR 2009;SR 1961;US 64;2000006410.0;8.46;US 64;US;K;2013-03-11T21:00:00-04:00;TUESDAY;1899-12-29T19:09:21-05:00;DAYLIGHT;DRY;N;N;N;N;N;N;LANE_DEPARTURE;NO ERROR;"{""type"": ""Point"", ""coordinates"": [-81.73211744458521, 35.67950391807788]}";35.6795039181, -81.7321174446
708;102834598.0;CHEROKEE;19.0;ANDREWS;US 19;0.009000000000000001;E;SR 1388;SR 1398;US 19;2000001920.0;24.438000000000002;US 19;US;K;2010-04-04T22:00:00-04:00;MONDAY;1899-12-29T19:09:21-05:00;DAYLIGHT;DRY;N;N;N;N;N;N;REAR_END;NO ERROR;"{""type"": ""Point"", ""coordinates"": [-83.82763183942272, 35.20638659013495]}";35.2063865901, -83.8276318394
688;104159717.0;CHEROKEE;19.0;MURPHY;US 64;0.8;W;SR 1549;SR 1561;US 64;2000006420.0;23.400000000000002;US 64;US;K;2014-09-19T22:00:00-04:00;SATURDAY;1899-12-29T19:09:21-05:00;DUSK;DRY;N;N;N;N;N;N;LANE_DEPARTURE;NO ERROR;"{""type"": ""Point"", ""coordinates"": [-83.98177179167169, 35.06783578423155]}";35.0678357842, -83.9817717917
707;104063465.0;CABARRUS;12.0;CONCORD;US 29;0.0;;CARPENTER;PITTS SCHOOL;US 29;2000002910.0;2.18;US 29;US;K;2014-05-03T22:00:00-04:00;SUNDAY;1899-12-29T19:09:21-05:00;DAYLIGHT;DRY;UNK;N;N;N;N;N;FRONTAL_IMPACT;NO ERROR;"{""type"": ""Point"", ""coordinates"": [-80.66690982201433, 35.36770907572652]}";35.3677090757, -80.666909822
699;103016745.0;CHATHAM;18.0;SILER CITY;US 421;1.2;S;SR 1176;SR 1010;US 421;2000042120.0;999.999;US 421;US;K;2010-11-15T20:00:00-05:00;TUESDAY;1899-12-29T19:09:21-05:00;DARK - ROADWAY NOT LIGHTED;WET;N;N;N;N;Y;N;LANE_DEPARTURE;ROUTE MEASURE NOT FOUND;;
675;103165827.0;CALDWELL;13.0;LENOIR;NORWOOD;0.067;N;*LCL JENEDELL ST;MULBERRY;;5002159810.0;999.999;NORWOOD;LCL;K;2011-05-24T22:00:00-04:00;WEDNESDAY;1899-12-29T19:09:21-05:00;DAYLIGHT;DRY;Y;N;N;N;N;N;LANE_DEPARTURE;ROUTE NOT FOUND;;
1004;104069101.0;DAVIDSON;28.0;LEXINGTON;I 85;0.025;S;US 64;SR 2205;I 85;1000008530.0;13.736;I 85;INTERSTATE;K;2014-05-18T22:00:00-04:00;MONDAY;1899-12-29T19:09:21-05:00;DARK - ROADWAY NOT LIGHTED;DRY;Y;N;N;N;N;N;LANE_DEPARTURE;NO ERROR;"{""type"": ""Point"", ""coordinates"": [-80.18222494343487, 35.809397589468354]}";35.8093975895, -80.1822249434
983;102954253.0;CUMBERLAND;25.0;FAYETTEVILLE;NC 210;0.2;S;SR 2030;SR 2029;NC 210;3000021030.0;11.66;NC 210;NC;K;2010-08-26T22:00:00-04:00;FRIDAY;1899-12-29T19:09:21-05:00;DARK - ROADWAY NOT LIGHTED;DRY;Y;N;N;N;N;N;LANE_DEPARTURE;NO ERROR;"{""type"": ""Point"", ""coordinates"": [-78.65128361765167, 34.95835624760561]}";34.9583562476, -78.6512836177
996;102864248.0;CUMBERLAND;25.0;FAYETTEVILLE;NC 87;0.5;S;SR 2220;SR 2237;NC 87;3000008730.0;7.17;NC 87;NC;K;2010-05-08T22:00:00-04:00;SUNDAY;1899-12-29T19:09:21-05:00;DARK - ROADWAY NOT LIGHTED;DRY;Y;N;N;N;Y;N;LANE_DEPARTURE;NO ERROR;"{""type"": ""Point"", ""coordinates"": [-78.84709335338118, 34.943943504938005]}";34.9439435049, -78.8470933534
1029;103285664.0;CUMBERLAND;25.0;FAYETTEVILLE;NC 53;0.3;S;SR 2297;SR 2045;NC 53;3000005330.0;5.72;NC 53;NC;K;2011-10-08T22:00:00-04:00;SUNDAY;1899-12-29T19:09:21-05:00;DARK - ROADWAY NOT LIGHTED;DRY;Y;Y;N;Y;Y;N;OTHER;NO ERROR;"{""type"": ""Point"", ""coordinates"": [-78.7406855225527, 34.92855954662579]}";34.9285595466, -78.7406855226
1007;103970356.0;CUMBERLAND;25.0;HOPE MILLS;NC 59;0.009000000000000001;N;DOVE;BUTLER;NC 59;3000005930.0;3.6990000000000003;NC 59;NC;K;2013-12-12T20:00:00-05:00;FRIDAY;1899-12-29T19:09:21-05:00;DARK - LIGHTED ROADWAY;DRY;N;N;N;N;Y;N;PEDESTRIAN;NO ERROR;"{""type"": ""Point"", ""coordinates"": [-78.9589833055072, 34.97948773163895]}";34.9794877316, -78.9589833055
1025;103992345.0;CUMBERLAND;25.0;FAYETTEVILLE;NC 53;0.2;NW;SR 2062;SR 2011;NC 53;3000005330.0;11.25;NC 53;NC;K;2014-02-27T20:00:00-05:00;FRIDAY;1899-12-29T19:09:21-05:00;DAYLIGHT;DRY;Y;N;N;N;N;Y;LANE_DEPARTURE;NO ERROR;"{""type"": ""Point"", ""coordinates"": [-78.79260375083287, 34.98974063757213]}";34.9897406376, -78.7926037508
1003;104008666.0;CUMBERLAND;25.0;HOPE MILLS;NC 59;0.042;N;ELWOOD;NC 152;NC 59;3000005930.0;4.838;NC 59;NC;K;2014-02-05T20:00:00-05:00;THURSDAY;1899-12-29T19:09:21-05:00;DAYLIGHT;DRY;UNK;N;N;N;N;N;FRONTAL_IMPACT;NO ERROR;"{""type"": ""Point"", ""coordinates"": [-78.96780150670298, 34.99351292879352]}";34.9935129288, -78.9678015067
985;102927307.0;CUMBERLAND;25.0;HOPE MILLS;NC 162;0.0;;LEGION;ALEXWOOD;NC 162;3000016230.0;6.095000000000001;NC 162;NC;K;2010-07-20T22:00:00-04:00;WEDNESDAY;1899-12-29T19:09:21-05:00;DARK - ROADWAY NOT LIGHTED;DRY;UNK;N;N;N;N;N;LANE_DEPARTURE;NO ERROR;"{""type"": ""Point"", ""coordinates"": [-78.9310116309696, 34.98354455746674]}";34.9835445575, -78.931011631
980;103512499.0;DARE;27.0;KILL DEVIL HILLS;US 158;0.0;;SPORTSMAN;AVALON;US 158;2000015830.0;7.418;US 158;US;K;2012-07-16T22:00:00-04:00;TUESDAY;1899-12-29T19:09:21-05:00;DAYLIGHT;DRY;Y;N;N;N;N;N;PEDESTRIAN;NO ERROR;"{""type"": ""Point"", ""coordinates"": [-75.67865933894824, 36.043160371853254]}";36.0431603719, -75.6786593389
1068;103649340.0;CUMBERLAND;25.0;FAYETTEVILLE;US 401;0.065;S;SR 2801;SR 1607;US 401;2000040130.0;22.485;US 401;US;K;2012-12-28T20:00:00-05:00;SATURDAY;1899-12-29T19:09:21-05:00;DARK - ROADWAY NOT LIGHTED;WET;UNK;N;N;Y;N;N;LANE_DEPARTURE;NO ERROR;"{""type"": ""Point"", ""coordinates"": [-78.84176801453951, 35.21793083071651]}";35.2179308307, -78.8417680145
1069;103414001.0;CUMBERLAND;25.0;FAYETTEVILLE;US 401;0.6;S;SR 1608;SR 1704;US 401;2000040130.0;22.28;US 401;US;K;2012-02-16T20:00:00-05:00;FRIDAY;1899-12-29T19:09:21-05:00;DARK - ROADWAY NOT LIGHTED;DRY;Y;N;N;Y;N;N;LANE_DEPARTURE;NO ERROR;"{""type"": ""Point"", ""coordinates"": [-78.84340980584038, 35.21526124639596]}";35.2152612464, -78.8434098058
1034;104146205.0;CUMBERLAND;25.0;HOPE MILLS;SR 1141;0.022000000000000002;W;SR 2920;NC 59;SR 1141;4000114130.0;2.504;SR 1141;SR;K;2014-08-10T22:00:00-04:00;MONDAY;1899-12-29T19:09:21-05:00;DARK - ROADWAY NOT LIGHTED;WET;Y;N;N;N;N;N;PEDESTRIAN;NO ERROR;"{""type"": ""Point"", ""coordinates"": [-78.93572744842851, 35.01414742315179]}";35.0141474232, -78.9357274484
1072;102905206.0;CUMBERLAND;25.0;FAYETTEVILLE;US 401;0.1;S;SR 1607;SR 2523;US 401;2000040130.0;21.02;US 401;US;K;2010-06-26T22:00:00-04:00;SUNDAY;1899-12-29T19:09:21-05:00;DARK - ROADWAY NOT LIGHTED;DRY;N;N;N;N;N;N;LANE_DEPARTURE;NO ERROR;"{""type"": ""Point"", ""coordinates"": [-78.849472796111, 35.198009824002895]}";35.198009824, -78.8494727961
1046;103105991.0;CUMBERLAND;25.0;FAYETTEVILLE;BRAGG;0.059000000000000004;N;SWAIN;MIKE;NC 24;3000002430.0;9.191;NC 24;NC;K;2011-03-07T20:00:00-05:00;TUESDAY;1899-12-29T19:09:21-05:00;DARK - LIGHTED ROADWAY;DRY;N;N;N;N;N;N;LANE_DEPARTURE;NO ERROR;"{""type"": ""Point"", ""coordinates"": [-78.95313773094617, 35.088279535241305]}";35.0882795352, -78.9531377309
1038;103715433.0;CUMBERLAND;25.0;FAYETTEVILLE;BRAGG;0.227;W;BLUE;FILTER PLANT;NC 24;3000002430.0;12.803;NC 24;NC;K;2012-12-20T20:00:00-05:00;FRIDAY;1899-12-29T19:09:21-05:00;DAYLIGHT;DRY;N;N;Y;N;N;N;FRONTAL_IMPACT;NO ERROR;"{""type"": ""Point"", ""coordinates"": [-78.89744694466546, 35.065364934389905]}";35.0653649344, -78.8974469447
1063;104133286.0;CUMBERLAND;25.0;FAYETTEVILLE;SR 2013;0.25;N;SR 2012;SR 1006;SR 2013;4000201330.0;0.34;SR 2013;SR;K;2014-08-10T22:00:00-04:00;MONDAY;1899-12-29T19:09:21-05:00;DAYLIGHT;WET;N;N;N;Y;N;N;LANE_DEPARTURE;NO ERROR;"{""type"": ""Point"", ""coordinates"": [-78.77218561541984, 35.031460867637165]}";35.0314608676, -78.7721856154
1059;103413968.0;DAVIDSON;28.0;LEXINGTON;SR 1114;0.7000000000000001;N;SR 3105;SR 1325;SR 1114;4000111430.0;1.212;SR 1114;SR;K;2012-03-26T22:00:00-04:00;TUESDAY;1899-12-29T19:09:21-05:00;DAYLIGHT;DRY;N;N;N;Y;N;N;LANE_DEPARTURE;NO ERROR;"{""type"": ""Point"", ""coordinates"": [-80.28372533721183, 35.707464828150776]}";35.7074648282, -80.2837253372
1030;103493311.0;CUMBERLAND;25.0;STEDMAN;NC 24;0.1;E;SR 1853;CL-SAMPSON;NC 24;3000002430.0;27.7;NC 24;NC;K;2012-07-05T22:00:00-04:00;FRIDAY;1899-12-29T19:09:21-05:00;DAYLIGHT;DRY;N;N;N;N;N;N;LANE_DEPARTURE;NO ERROR;"{""type"": ""Point"", ""coordinates"": [-78.65339610379729, 35.001493967007676]}";35.001493967, -78.6533961038
1112;104165063.0;CUMBERLAND;25.0;FAYETTEVILLE;EASTERN;0.038;NE;PERSON;RUSSELL;I 95BUS;1900009530.0;9.503;I 95BUS;INTERSTATE;K;2014-04-03T22:00:00-04:00;FRIDAY;1899-12-29T19:09:21-05:00;DARK - LIGHTED ROADWAY;DRY;UNK;N;N;N;N;N;PEDESTRIAN;NO ERROR;"{""type"": ""Point"", ""coordinates"": [-78.8650188708239, 35.04865622066698]}";35.0486562207, -78.8650188708
870;102765847.0;CABARRUS;12.0;CONCORD;SR 1394;0.043000000000000003;E;CANDLE;ALLEN;SR 1394;4000139410.0;1.198;SR 1394;SR;K;2010-01-07T20:00:00-05:00;FRIDAY;1899-12-29T19:09:21-05:00;DARK - ROADWAY NOT LIGHTED;DRY;N;N;N;N;N;N;LANE_DEPARTURE;NO ERROR;"{""type"": ""Point"", ""coordinates"": [-80.6336104283127, 35.411821241482926]}";35.4118212415, -80.6336104283
831;104261973.0;CABARRUS;12.0;CONCORD;I 85;0.65;SW;SR 1430;SR 1394;I 85;1000008510.0;4.276;I 85;INTERSTATE;K;2014-12-30T20:00:00-05:00;WEDNESDAY;1899-12-29T19:09:21-05:00;DAYLIGHT;DRY;N;N;N;N;N;N;LANE_DEPARTURE;NO ERROR;"{""type"": ""Point"", ""coordinates"": [-80.68029952812067, 35.41228379205361]}";35.4122837921, -80.6802995281
853;102802399.0;CASWELL;16.0;YANCEYVILLE;SR 1300;0.2;W;SR 1306;SR 1331;SR 1300;4000130020.0;4.01;SR 1300;SR;K;2010-01-07T20:00:00-05:00;FRIDAY;1899-12-29T19:09:21-05:00;DAYLIGHT;ICE;N;N;N;Y;N;N;LANE_DEPARTURE;NO ERROR;"{""type"": ""Point"", ""coordinates"": [-79.41649412590837, 36.46472849220119]}";36.4647284922, -79.4164941259
832;102904143.0;CALDWELL;13.0;GRANITE FALLS;SR 1002;0.2;N;SR 1753;SR 1751;SR 1002;4000100210.0;6.03;SR 1002;SR;K;2010-07-03T22:00:00-04:00;SUNDAY;1899-12-29T19:09:21-05:00;DAYLIGHT;DRY;UNK;Y;N;N;N;N;OTHER;NO ERROR;"{""type"": ""Point"", ""coordinates"": [-81.41097541772326, 35.832823505398295]}";35.8328235054, -81.4109754177
837;104287961.0;CABARRUS;12.0;CONCORD;SR 2411;0.12;S;SR 2509;SR 2487;SR 2411;4000241110.0;2.855;SR 2411;SR;K;2014-12-29T20:00:00-05:00;TUESDAY;1899-12-29T19:09:21-05:00;DAYLIGHT;DRY;N;N;N;N;Y;N;REAR_END;NO ERROR;"{""type"": ""Point"", ""coordinates"": [-80.51117463551215, 35.43792416531582]}";35.4379241653, -80.5111746355
855;104061268.0;BUNCOMBE;10.0;BLACK MOUNTAIN;SR 2531;0.0;;I 40;SR 2702;SR 2531;4000253110.0;0.1;SR 2531;SR;K;2014-05-04T22:00:00-04:00;MONDAY;1899-12-29T19:09:21-05:00;DARK - ROADWAY NOT LIGHTED;DRY;N;Y;N;N;N;N;FRONTAL_IMPACT;NO ERROR;"{""type"": ""Point"", ""coordinates"": [-82.28710071530816, 35.619156023785145]}";35.6191560238, -82.2871007153
868;103339580.0;CARTERET;15.0;MOREHEAD CITY;BUSINESS;0.018000000000000002;E;MILLER FARM;JACOB;;5003491120.0;999.999;BUSINESS;LCL;K;2011-12-02T20:00:00-05:00;SATURDAY;1899-12-29T19:09:21-05:00;DARK - ROADWAY NOT LIGHTED;DRY;Y;Y;N;Y;N;N;LANE_DEPARTURE;ROUTE NOT FOUND;;
838;102903416.0;CATAWBA;17.0;CONOVER;COUNTY HOME;0.006;E;SECOND;FIRST;;5000710620.0;999.999;COUNTY HOME;LCL;K;2010-06-30T22:00:00-04:00;THURSDAY;1899-12-29T19:09:21-05:00;DAYLIGHT;DRY;UNK;Y;N;N;N;N;LANE_DEPARTURE;ROUTE NOT FOUND;;
826;102870520.0;BUNCOMBE;10.0;ASHEVILLE;MOODY;0.028;N;ZEBB;MONTE VISTA;;5002044510.0;999.999;MOODY;LCL;K;2010-05-06T22:00:00-04:00;FRIDAY;1899-12-29T19:09:21-05:00;DAYLIGHT;DRY;Y;N;N;N;N;N;LANE_DEPARTURE;ROUTE NOT FOUND;;
940;103794973.0;CUMBERLAND;25.0;FAYETTEVILLE;STONEY POINT;0.017;N;STRICKLAND BRIDGE;CENTURY;SR 1112;4000111230.0;6.507000000000001;SR 1112;SR;K;2013-05-26T22:00:00-04:00;MONDAY;1899-12-29T19:09:21-05:00;DARK - ROADWAY NOT LIGHTED;DRY;Y;Y;N;N;N;N;LANE_DEPARTURE;NO ERROR;"{""type"": ""Point"", ""coordinates"": [-79.0493372411308, 35.00718116784047]}";35.0071811678, -79.0493372411
944;103501671.0;CUMBERLAND;25.0;HOPE MILLS;ROCKFISH;0.023;W;PARK;CRAMPTON;SR 1112;4000111230.0;0.41000000000000003;SR 1112;SR;K;2012-07-05T22:00:00-04:00;FRIDAY;1899-12-29T19:09:21-05:00;DARK - ROADWAY NOT LIGHTED;DRY;N;N;N;N;N;N;PEDESTRIAN;NO ERROR;"{""type"": ""Point"", ""coordinates"": [-78.95638713058801, 34.97255745454948]}";34.9725574545, -78.9563871306
924;103225212.0;CUMBERLAND;25.0;HOPE MILLS;SR 1121;0.021;S;SR 1118;CL-ROBESON;SR 1121;4000112130.0;0.021;SR 1121;SR;K;2011-08-07T22:00:00-04:00;MONDAY;1899-12-29T19:09:21-05:00;DARK - ROADWAY NOT LIGHTED;WET;Y;N;N;N;N;N;PEDESTRIAN;NO ERROR;"{""type"": ""Point"", ""coordinates"": [-78.96317784629262, 34.935339036214906]}";34.9353390362, -78.9631778463
946;103105563.0;CUMBERLAND;25.0;FAYETTEVILLE;DUNDLE;0.057;SE;HEATHERBROOK;SUMMERLIN;SR 1109;4000110930.0;0.8170000000000001;SR 1109;SR;K;2011-01-23T20:00:00-05:00;MONDAY;1899-12-29T19:09:21-05:00;DAYLIGHT;DRY;Y;N;N;N;N;N;LANE_DEPARTURE;NO ERROR;"{""type"": ""Point"", ""coordinates"": [-79.02544646277373, 35.00060683917923]}";35.0006068392, -79.0254464628
918;103138081.0;BURKE;11.0;MORGANTON;NC 126;1.5;W;SR 1236;CL-MCDOWELL;NC 126;3000012610.0;1.44;NC 126;NC;K;2011-04-14T22:00:00-04:00;FRIDAY;1899-12-29T19:09:21-05:00;DAYLIGHT;DRY;N;Y;N;N;Y;N;OTHER;NO ERROR;"{""type"": ""Point"", ""coordinates"": [-81.89144101718291, 35.748782121875536]}";35.7487821219, -81.8914410172
943;103277390.0;CUMBERLAND;25.0;FAYETTEVILLE;STONEY POINT;0.0;;DUNDLE;*LCL TOGGLE AVE;SR 1112;4000111230.0;4.71;SR 1112;SR;K;2011-10-05T22:00:00-04:00;THURSDAY;1899-12-29T19:09:21-05:00;DAYLIGHT;DRY;UNK;N;N;N;N;N;PEDESTRIAN;NO ERROR;"{""type"": ""Point"", ""coordinates"": [-79.0280827476956, 34.988113257656885]}";34.9881132577, -79.0280827477
919;104011651.0;BUNCOMBE;10.0;WEAVERVILLE;SR 1740;0.0;;US 19;SR 1783;SR 1882;4000188210.0;0.14;SR 1882;SR;K;2014-03-17T21:00:00-04:00;TUESDAY;1899-12-29T19:09:21-05:00;DAYLIGHT;DRY;N;N;N;N;Y;N;FRONTAL_IMPACT;NO ERROR;"{""type"": ""Point"", ""coordinates"": [-82.58390008839304, 35.673622694990556]}";35.673622695, -82.5839000884
920;102902622.0;CABARRUS;12.0;CONCORD;SR 2408;0.0;;SR 2411;SR 2510;SR 2408;4000240810.0;2.999;SR 2408;SR;K;2010-06-24T22:00:00-04:00;FRIDAY;1899-12-29T19:09:21-05:00;DAYLIGHT;DRY;N;N;N;Y;Y;N;FRONTAL_IMPACT;NO ERROR;"{""type"": ""Point"", ""coordinates"": [-80.51226060171618, 35.44503104346725]}";35.4450310435, -80.5122606017
927;104017787.0;DAVIDSON;28.0;LEXINGTON;NC 47;0.1;N;SR 3160;ML-LEXINGTON;NC 47;3000004730.0;999.999;NC 47;NC;K;2014-03-09T21:00:00-04:00;MONDAY;1899-12-29T19:09:21-05:00;DAYLIGHT;DRY;N;N;N;N;N;Y;OTHER;ROUTE MEASURE NOT FOUND;;
1022;102913870.0;CUMBERLAND;25.0;SPRING LAKE;SR 1451;1.2;W;NC 24;POPE AIR FORCE BASE;SR 1451;4000145130.0;3.6630000000000003;SR 1451;SR;K;2010-07-04T22:00:00-04:00;MONDAY;1899-12-29T19:09:21-05:00;DARK - ROADWAY NOT LIGHTED;DRY;N;N;N;Y;N;N;LANE_DEPARTURE;NO ERROR;"{""type"": ""Point"", ""coordinates"": [-79.00636134339439, 35.1880133805641]}";35.1880133806, -79.0063613434
1014;103746648.0;CUMBERLAND;25.0;FAYETTEVILLE;CEDAR CREEK;0.005;S;FIELDS;BUREAU;NC 53;3000005330.0;14.265;NC 53;NC;K;2012-07-28T22:00:00-04:00;SUNDAY;1899-12-29T19:09:21-05:00;DAYLIGHT;DRY;N;N;N;N;N;Y;PEDESTRIAN;NO ERROR;"{""type"": ""Point"", ""coordinates"": [-78.83597518155575, 35.01300347615363]}";35.0130034762, -78.8359751816
1005;103487584.0;CUMBERLAND;25.0;HOPE MILLS;NC 59;0.23;S;CAMDEN;ELWOOD;NC 59;3000005930.0;4.057;NC 59;NC;K;2012-06-19T22:00:00-04:00;WEDNESDAY;1899-12-29T19:09:21-05:00;DAYLIGHT;DRY;N;N;N;N;N;N;FRONTAL_IMPACT;NO ERROR;"{""type"": ""Point"", ""coordinates"": [-78.96379015386081, 34.98272938651189]}";34.9827293865, -78.9637901539
1017;103695802.0;DAVIDSON;28.0;DENTON;NC 109;0.064;S;NC 49;SR 2544;NC 109;3000010930.0;3.551;NC 109;NC;K;2013-03-05T20:00:00-05:00;WEDNESDAY;1899-12-29T19:09:21-05:00;DAYLIGHT;DRY;N;N;Y;N;N;N;FRONTAL_IMPACT;NO ERROR;"{""type"": ""Point"", ""coordinates"": [-80.09232115369164, 35.55641257108108]}";35.5564125711, -80.0923211537
1058;103822269.0;CUMBERLAND;25.0;FAYETTEVILLE;RAEFORD;0.0;;BRIGHTEN;SCOTLAND;US 401BUS;2900040130.0;1.1;US 401BUS;US;K;2013-07-22T22:00:00-04:00;TUESDAY;1899-12-29T19:09:21-05:00;DARK - LIGHTED ROADWAY;DRY;UNK;N;N;N;N;N;FRONTAL_IMPACT;NO ERROR;"{""type"": ""Point"", ""coordinates"": [-78.95712110849102, 35.043171699505535]}";35.0431716995, -78.9571211085
1051;102761299.0;CUMBERLAND;25.0;SPRING LAKE;NC 87;0.0;;MARANATHA;NC 690;NC 24;3000002430.0;1.02;NC 24;NC;K;2009-12-31T20:00:00-05:00;FRIDAY;1899-12-29T19:09:21-05:00;DARK - ROADWAY NOT LIGHTED;DRY;Y;N;N;N;N;N;PEDESTRIAN;NO ERROR;"{""type"": ""Point"", ""coordinates"": [-78.99020820077796, 35.2012950806782]}";35.2012950807, -78.9902082008
1006;103241619.0;CUMBERLAND;25.0;FAYETTEVILLE;CLIFFDALE;0.0;;BEVERLY;LOWELL HARRIS;SR 1400;4000140030.0;0.783;SR 1400;SR;K;2011-09-01T22:00:00-04:00;FRIDAY;1899-12-29T19:09:21-05:00;DAYLIGHT;DRY;N;Y;N;N;N;N;FRONTAL_IMPACT;NO ERROR;"{""type"": ""Point"", ""coordinates"": [-79.064348062125, 35.041980100821156]}";35.0419801008, -79.0643480621
1033;103805243.0;CUMBERLAND;25.0;FAYETTEVILLE;GROVE;0.0;;DUNN;CEDAR CREEK;NC 24;3000002430.0;15.540000000000001;NC 24;NC;K;2013-06-15T22:00:00-04:00;SUNDAY;1899-12-29T19:09:21-05:00;DAYLIGHT;DRY;N;Y;N;N;N;N;LANE_DEPARTURE;NO ERROR;"{""type"": ""Point"", ""coordinates"": [-78.8546390618869, 35.04907195841799]}";35.0490719584, -78.8546390619
1026;103999574.0;DARE;27.0;MANTEO;SR 1168;0.0;;SR 1137;SR 1323;SR 1168;4000116830.0;0.9;SR 1168;SR;K;2014-03-08T20:00:00-05:00;SUNDAY;1899-12-29T19:09:21-05:00;DAYLIGHT;DRY;N;N;N;N;N;N;PEDALCYCLIST;NO ERROR;"{""type"": ""Point"", ""coordinates"": [-75.65038594342766, 35.84193088663911]}";35.8419308866, -75.6503859434
1060;102842225.0;CUMBERLAND;25.0;FAYETTEVILLE;RAEFORD;0.047;W;KENLY;HOPE MILLS;US 401BUS;2900040130.0;0.9730000000000001;US 401BUS;US;K;2010-03-30T22:00:00-04:00;WEDNESDAY;1899-12-29T19:09:21-05:00;DARK - LIGHTED ROADWAY;DRY;N;N;N;N;N;N;PEDESTRIAN;NO ERROR;"{""type"": ""Point"", ""coordinates"": [-78.95934964102385, 35.04297974001513]}";35.04297974, -78.959349641