OBJECTID;CRSH_ID;COUNTY;COUNTY_NBR;MUNCIPALIT;ON_RD;DIS;DIR;FROM_RD;TWDS_RD;MLPST_RD;GIS_MP_ROU;MILEPOST;HO_ROUTE_N;HO_ROUTE_C;SEV;CRASH_DATE;DAY;TIME;LIGHT_COND;ROAD_SURFA;ALCOHOL_FL;MOTORCYCLE;HEAVY_TRUC;SPEED_RELA;OLDER_DRIV;TEEN_DRIVE;CRASH_TYPE;LOC_ERROR;geo_shape;geo_point_2d
1404;103596884.0;CLEVELAND;22.0;KINGS MOUNTAIN;SR 2014;1.4000000000000001;W;NC 216;SR 2015;SR 2014;4000201420.0;2.8440000000000003;SR 2014;SR;K;2012-11-08T20:00:00-05:00;FRIDAY;1899-12-29T19:09:21-05:00;DARK - ROADWAY NOT LIGHTED;DRY;N;N;N;N;N;N;PEDESTRIAN;NO ERROR;"{""type"": ""Point"", ""coordinates"": [-81.37595127892308, 35.289282937851404]}";35.2892829379, -81.3759512789
1395;103576599.0;DAVIDSON;28.0;LEXINGTON;I 85;0.5;N;*MILE 90;*MILE 91;I 85;1000008530.0;8.120000000000001;I 85;INTERSTATE;K;2012-10-20T22:00:00-04:00;SUNDAY;1899-12-29T19:09:21-05:00;DARK - ROADWAY NOT LIGHTED;DRY;UNK;N;N;N;Y;Y;PEDESTRIAN;NO ERROR;"{""type"": ""Point"", ""coordinates"": [-80.27242614116362, 35.77683136822173]}";35.7768313682, -80.2724261412
1408;103634280.0;DAVIDSON;28.0;LEXINGTON;NC 47;0.8;W;SR 2432;NC 8;NC 47;3000004730.0;6.659000000000001;NC 47;NC;K;2012-12-21T20:00:00-05:00;SATURDAY;1899-12-29T19:09:21-05:00;DARK - ROADWAY NOT LIGHTED;DRY;UNK;N;N;Y;N;N;LANE_DEPARTURE;NO ERROR;"{""type"": ""Point"", ""coordinates"": [-80.24640214421491, 35.75056577733575]}";35.7505657773, -80.2464021442
1399;104219893.0;CLEVELAND;22.0;KINGS MOUNTAIN;SR 2245;0.1;S;SR 2235;SR 2273;SR 2245;4000224520.0;3.1260000000000003;SR 2245;SR;K;2014-11-17T20:00:00-05:00;TUESDAY;1899-12-29T19:09:21-05:00;DAYLIGHT;DRY;N;N;N;N;N;Y;REAR_END;NO ERROR;"{""type"": ""Point"", ""coordinates"": [-81.41154060995754, 35.21600975228276]}";35.2160097523, -81.41154061
1389;102926011.0;COLUMBUS;23.0;WHITEVILLE;US 74;0.3;W;SR 1552;SR 1585;US 74;2000007420.0;16.394000000000002;US 74;US;K;2010-07-30T22:00:00-04:00;SATURDAY;1899-12-29T19:09:21-05:00;DAYLIGHT;DRY;N;N;N;N;N;N;LANE_DEPARTURE;NO ERROR;"{""type"": ""Point"", ""coordinates"": [-78.72474299512493, 34.34533070768892]}";34.3453307077, -78.7247429951
1405;102979180.0;CLEVELAND;22.0;WACO;SR 2008;0.048;S;SR 2009;SR 2010;SR 2008;4000200820.0;2.342;SR 2008;SR;K;2010-10-05T22:00:00-04:00;WEDNESDAY;1899-12-29T19:09:21-05:00;DAYLIGHT;DRY;N;N;N;Y;N;N;LANE_DEPARTURE;NO ERROR;"{""type"": ""Point"", ""coordinates"": [-81.39418872436704, 35.31788978071342]}";35.3178897807, -81.3941887244
1382;104188134.0;COLUMBUS;23.0;BOLTON;US 74;2.1;W;NC 211;SR 1740;US 74;2000007420.0;32.24;US 74;US;K;2014-10-17T22:00:00-04:00;SATURDAY;1899-12-29T19:09:21-05:00;DAYLIGHT;DRY;Y;N;N;Y;N;N;OTHER;NO ERROR;"{""type"": ""Point"", ""coordinates"": [-78.45442137007338, 34.322339396421725]}";34.3223393964, -78.4544213701
1386;103591329.0;COLUMBUS;23.0;WHITEVILLE;US 74;0.0;;SR 1001;NC 214;US 74;2000007420.0;23.837;US 74;US;K;2012-11-02T21:00:00-04:00;SATURDAY;1899-12-29T19:09:21-05:00;DARK - ROADWAY NOT LIGHTED;DRY;Y;N;Y;N;N;N;PEDESTRIAN;NO ERROR;"{""type"": ""Point"", ""coordinates"": [-78.59938792350577, 34.33250815295036]}";34.332508153, -78.5993879235
1407;104262653.0;CLEVELAND;22.0;WACO;SR 2001;0.0;;SR 2002;SR 2000;SR 2001;4000200120.0;0.191;SR 2001;SR;K;2014-12-22T20:00:00-05:00;TUESDAY;1899-12-29T19:09:21-05:00;DARK - ROADWAY NOT LIGHTED;WET;Y;N;N;N;N;N;PEDESTRIAN;NO ERROR;"{""type"": ""Point"", ""coordinates"": [-81.41623505135195, 35.34493971820338]}";35.3449397182, -81.4162350514
1390;103819662.0;CLEVELAND;22.0;SHELBY;SEABOARD;0.044000000000000004;E;LAFAYETTE;WASHINGTON;;5002741820.0;999.999;SEABOARD;LCL;K;2013-07-12T22:00:00-04:00;SATURDAY;1899-12-29T19:09:21-05:00;DAWN;DRY;Y;N;N;N;N;N;LANE_DEPARTURE;ROUTE NOT FOUND;;
1361;104238455.0;COLUMBUS;23.0;WHITEVILLE;J K POWELL;0.0;N;BURKHEAD;WILLIAMSON;US 701;2000070120.0;18.293;US 701;US;K;2014-12-09T20:00:00-05:00;WEDNESDAY;1899-12-29T19:09:21-05:00;DARK - ROADWAY NOT LIGHTED;DRY;UNK;N;N;N;N;Y;PEDESTRIAN;NO ERROR;"{""type"": ""Point"", ""coordinates"": [-78.70807696311873, 34.33167033616982]}";34.3316703362, -78.7080769631
1333;103847338.0;COLUMBUS;23.0;CERRO GORDO;NC 242;0.2;S;SR 1504;SR 1502;NC 242;3000024220.0;2.4290000000000003;NC 242;NC;K;2013-09-08T22:00:00-04:00;MONDAY;1899-12-29T19:09:21-05:00;DARK - ROADWAY NOT LIGHTED;DRY;Y;N;N;Y;N;N;LANE_DEPARTURE;NO ERROR;"{""type"": ""Point"", ""coordinates"": [-78.92085482344467, 34.35681455473217]}";34.3568145547, -78.9208548234
1366;104203188.0;DAVIDSON;28.0;LEXINGTON;I 85;0.35000000000000003;S;US 64;SR 2205;I 85;1000008530.0;13.411000000000001;I 85;INTERSTATE;K;2014-10-31T21:00:00-04:00;SATURDAY;1899-12-29T19:09:21-05:00;DAWN;WET;Y;N;N;Y;N;N;LANE_DEPARTURE;NO ERROR;"{""type"": ""Point"", ""coordinates"": [-80.18597482727907, 35.80583479358259]}";35.8058347936, -80.1859748273
1339;103764413.0;COLUMBUS;23.0;WHITEVILLE;NC 131;0.2;S;SR 1539;SR 1540;NC 131;3000013120.0;3.83;NC 131;NC;K;2013-05-28T22:00:00-04:00;WEDNESDAY;1899-12-29T19:09:21-05:00;DAYLIGHT;DRY;Y;N;N;N;N;N;LANE_DEPARTURE;NO ERROR;"{""type"": ""Point"", ""coordinates"": [-78.77425764316982, 34.46070804206157]}";34.4607080421, -78.7742576432
1370;103607600.0;COLUMBUS;23.0;TABOR CITY;US 701;0.4;N;SR 1313;SR 1314;US 701;2000070120.0;4.906000000000001;US 701;US;K;2012-11-19T20:00:00-05:00;TUESDAY;1899-12-29T19:09:21-05:00;DAYLIGHT;DRY;N;N;N;N;Y;N;LANE_DEPARTURE;NO ERROR;"{""type"": ""Point"", ""coordinates"": [-78.81211763760454, 34.1782186467279]}";34.1782186467, -78.8121176376
1354;102935746.0;COLUMBUS;23.0;BOLTON;NC 11;0.65;N;NC 87;CL-BLADEN;NC 11;3000001120.0;4.848;NC 11;NC;K;2010-07-22T22:00:00-04:00;FRIDAY;1899-12-29T19:09:21-05:00;DAYLIGHT;DRY;N;N;N;N;Y;N;LANE_DEPARTURE;NO ERROR;"{""type"": ""Point"", ""coordinates"": [-78.27247853811302, 34.38477546225214]}";34.3847754623, -78.2724785381
1369;102830795.0;COLUMBUS;23.0;TABOR CITY;US 701;0.0;;SR 1314;SR 1005;US 701;2000070120.0;5.916;US 701;US;K;2010-04-02T22:00:00-04:00;SATURDAY;1899-12-29T19:09:21-05:00;DAYLIGHT;DRY;N;N;N;N;N;Y;FRONTAL_IMPACT;NO ERROR;"{""type"": ""Point"", ""coordinates"": [-78.79672769414299, 34.18528450433429]}";34.1852845043, -78.7967276941
1347;103208647.0;COLUMBUS;23.0;BRUNSWICK;NC 130;0.0;;SR 1001;SR 1925;NC 130;3000013020.0;8.18;NC 130;NC;K;2011-07-22T22:00:00-04:00;SATURDAY;1899-12-29T19:09:21-05:00;DAYLIGHT;WET;Y;N;N;N;N;N;LANE_DEPARTURE;NO ERROR;"{""type"": ""Point"", ""coordinates"": [-78.60547394913057, 34.19176772609806]}";34.1917677261, -78.6054739491
1352;102876120.0;COLUMBUS;23.0;RIEGELWOOD;NC 87;0.0;;NC 11;SR 1811;NC 87;3000008720.0;6.9510000000000005;NC 87;NC;K;2010-05-28T22:00:00-04:00;SATURDAY;1899-12-29T19:09:21-05:00;DAYLIGHT;DRY;N;N;N;N;N;N;FRONTAL_IMPACT;NO ERROR;"{""type"": ""Point"", ""coordinates"": [-78.27736517957743, 34.37628293740052]}";34.3762829374, -78.2773651796
1348;102883537.0;CUMBERLAND;25.0;FAYETTEVILLE;GLENOLA;0.0;;SWEETBAY;SWEETBAY;;5001197830.0;999.999;GLENOLA;LCL;K;2010-05-26T22:00:00-04:00;THURSDAY;1899-12-29T19:09:21-05:00;DAYLIGHT;DRY;N;N;N;N;Y;N;LANE_DEPARTURE;ROUTE NOT FOUND;;
1451;103520871.0;CLEVELAND;22.0;FALLSTON;NC 18;0.02;S;NC 182;SR 1800;NC 18;3000001820.0;19.368000000000002;NC 18;NC;K;2012-08-12T22:00:00-04:00;MONDAY;1899-12-29T19:09:21-05:00;DARK - LIGHTED ROADWAY;DRY;Y;Y;N;Y;N;N;LANE_DEPARTURE;NO ERROR;"{""type"": ""Point"", ""coordinates"": [-81.50148756189009, 35.42836398196229]}";35.428363982, -81.5014875619
1420;103750781.0;CLEVELAND;22.0;LATTIMORE;SR 1351;0.2;S;SR 1350;SR 1348;SR 1351;4000135120.0;3.5100000000000002;SR 1351;SR;K;2013-05-14T22:00:00-04:00;WEDNESDAY;1899-12-29T19:09:21-05:00;DAYLIGHT;DRY;N;N;N;N;N;N;FRONTAL_IMPACT;NO ERROR;"{""type"": ""Point"", ""coordinates"": [-81.65793118517105, 35.36637567821691]}";35.3663756782, -81.6579311852
1452;103520860.0;CLEVELAND;22.0;FALLSTON;NC 18;0.2;S;NC 182;SR 1800;NC 18;3000001820.0;19.188000000000002;NC 18;NC;K;2012-08-12T22:00:00-04:00;MONDAY;1899-12-29T19:09:21-05:00;DARK - LIGHTED ROADWAY;DRY;Y;Y;N;N;N;N;REAR_END;NO ERROR;"{""type"": ""Point"", ""coordinates"": [-81.5012633752609, 35.42576322474914]}";35.4257632247, -81.5012633753
1421;103497514.0;CURRITUCK;26.0;ELIZABETH CITY;US 158;0.0;;SR 1247;NC 168;US 158;2000015830.0;7.541;US 158;US;K;2012-07-11T22:00:00-04:00;THURSDAY;1899-12-29T19:09:21-05:00;DARK - ROADWAY NOT LIGHTED;DRY;UNK;N;Y;N;N;N;FRONTAL_IMPACT;NO ERROR;"{""type"": ""Point"", ""coordinates"": [-75.99157195446872, 36.38685084518659]}";36.3868508452, -75.9915719545
1438;102870468.0;CLEVELAND;22.0;SHELBY;NC 180;0.0;;SR 1908;SR 1939;NC 180;3000018020.0;11.128;NC 180;NC;K;2010-05-18T22:00:00-04:00;WEDNESDAY;1899-12-29T19:09:21-05:00;DARK - ROADWAY NOT LIGHTED;DRY;N;N;N;N;N;Y;FRONTAL_IMPACT;NO ERROR;"{""type"": ""Point"", ""coordinates"": [-81.49916985029569, 35.33179872948222]}";35.3317987295, -81.4991698503
1433;103496646.0;CUMBERLAND;25.0;FAYETTEVILLE;SR 2220;0.0;;SR 2333;SR 2350;SR 2220;4000222030.0;2.9210000000000003;SR 2220;SR;K;2012-07-11T22:00:00-04:00;THURSDAY;1899-12-29T19:09:21-05:00;DAYLIGHT;DRY;UNK;N;N;N;N;N;FRONTAL_IMPACT;NO ERROR;"{""type"": ""Point"", ""coordinates"": [-78.89190536139274, 34.95351431735644]}";34.9535143174, -78.8919053614
1460;103571542.0;CLEVELAND;22.0;KINGS MOUNTAIN;US 74BUS;0.0;;NC 216;RAILROAD;US 74BUS;2900007420.0;23.97;US 74BUS;US;K;2012-10-14T22:00:00-04:00;MONDAY;1899-12-29T19:09:21-05:00;DAYLIGHT;DRY;N;N;N;N;N;N;FRONTAL_IMPACT;NO ERROR;"{""type"": ""Point"", ""coordinates"": [-81.3438483318044, 35.240909570722884]}";35.2409095707, -81.3438483318
1434;103982140.0;CLEVELAND;22.0;KINGS MOUNTAIN;NC 216;0.0;;SR 2014;SR 2019;NC 216;3000021620.0;10.43;NC 216;NC;K;2014-02-18T20:00:00-05:00;WEDNESDAY;1899-12-29T19:09:21-05:00;DAYLIGHT;DRY;N;N;N;N;N;N;FRONTAL_IMPACT;NO ERROR;"{""type"": ""Point"", ""coordinates"": [-81.35515534325536, 35.279523701795654]}";35.2795237018, -81.3551553433
1474;104111156.0;CLEVELAND;22.0;KINGS MOUNTAIN;I 85;0.75;N;NC 161;*;I 85;1000008520.0;8.225;I 85;INTERSTATE;K;2014-07-20T22:00:00-04:00;MONDAY;1899-12-29T19:09:21-05:00;DAYLIGHT;WATER (STANDING, MOVING);N;N;N;N;N;N;LANE_DEPARTURE;ROUTE MEASURE NOT FOUND;;
1480;103015308.0;CLAY;21.0;HAYESVILLE;SR 1100;0.5;W;SR 1123;SR 1123;SR 1100;4000110020.0;999.999;SR 1100;SR;K;2010-11-14T20:00:00-05:00;MONDAY;1899-12-29T19:09:21-05:00;DAYLIGHT;WET;N;N;N;Y;Y;N;LANE_DEPARTURE;ROUTE MEASURE NOT FOUND;;
1547;103656845.0;FORSYTH;33.0;KERNERSVILLE;SR 2667;0.053000000000000005;E;SR 4258;SR 2809;SR 2667;4000266730.0;2.298;SR 2667;SR;K;2013-01-16T20:00:00-05:00;THURSDAY;1899-12-29T19:09:21-05:00;DARK - ROADWAY NOT LIGHTED;WATER (STANDING, MOVING);Y;N;N;Y;N;N;LANE_DEPARTURE;NO ERROR;"{""type"": ""Point"", ""coordinates"": [-80.11775153258316, 36.10515733874056]}";36.1051573387, -80.1177515326
1566;103427342.0;FORSYTH;33.0;WINSTON-SALEM;CHERRY;0.001;N;REYNOLDS;BROOKWOOD;SR 1725;4000172530.0;3.1;SR 1725;SR;K;2012-03-27T22:00:00-04:00;WEDNESDAY;1899-12-29T19:09:21-05:00;DARK - LIGHTED ROADWAY;DRY;Y;N;N;Y;N;N;LANE_DEPARTURE;NO ERROR;"{""type"": ""Point"", ""coordinates"": [-80.26387537798905, 36.134085666896446]}";36.1340856669, -80.263875378
1552;103068281.0;FORSYTH;33.0;WALKERTOWN;SR 2456;0.12;S;SR 2381;SR 2222;SR 2456;4000245630.0;1.08;SR 2456;SR;K;2011-01-10T20:00:00-05:00;TUESDAY;1899-12-29T19:09:21-05:00;DAYLIGHT;SNOW;Y;N;N;Y;N;N;OTHER;NO ERROR;"{""type"": ""Point"", ""coordinates"": [-80.17779053721524, 36.162164013576614]}";36.1621640136, -80.1777905372
1546;104006328.0;FORSYTH;33.0;WINSTON-SALEM;COLE;0.0;S;COLE RIDGE;MEGAHERTZ;SR 2699;4000269930.0;1.084;SR 2699;SR;K;2014-02-16T20:00:00-05:00;MONDAY;1899-12-29T19:09:21-05:00;DARK - LIGHTED ROADWAY;DRY;Y;N;N;N;N;Y;LANE_DEPARTURE;ROUTE NOT FOUND;;
1549;103376652.0;FORSYTH;33.0;WALKERTOWN;SR 2520;0.055;N;SR 2526;*;SR 2520;4000252030.0;999.999;SR 2520;SR;K;2012-02-10T20:00:00-05:00;SATURDAY;1899-12-29T19:09:21-05:00;DARK - ROADWAY NOT LIGHTED;DRY;N;N;N;N;N;N;LANE_DEPARTURE;ROUTE MEASURE NOT FOUND;;
749;103402236.0;CALDWELL;13.0;HUDSON;SR 1108;0.2;W;SR 1284;US 321ALT;SR 1108;4000110810.0;0.5760000000000001;SR 1108;SR;K;2012-03-10T20:00:00-05:00;SUNDAY;1899-12-29T19:09:21-05:00;DARK - ROADWAY NOT LIGHTED;DRY;Y;N;N;N;N;N;LANE_DEPARTURE;NO ERROR;"{""type"": ""Point"", ""coordinates"": [-81.46728728358987, 35.8298009766966]}";35.8298009767, -81.4672872836
751;103083534.0;CASWELL;16.0;YANCEYVILLE;SR 1503;0.2;N;SR 1604;SR 1505;SR 1503;4000150320.0;5.46;SR 1503;SR;K;2011-02-04T20:00:00-05:00;SATURDAY;1899-12-29T19:09:21-05:00;DAYLIGHT;DRY;Y;N;N;Y;N;N;LANE_DEPARTURE;NO ERROR;"{""type"": ""Point"", ""coordinates"": [-79.36658551749298, 36.50812093986288]}";36.5081209399, -79.3665855175
783;103132295.0;CHATHAM;18.0;SILER CITY;US 421;0.3;N;SR 2144;SR 2140;US 421;2000042120.0;2.322;US 421;US;K;2010-11-24T20:00:00-05:00;THURSDAY;1899-12-29T19:09:21-05:00;DAYLIGHT;DRY;UNK;N;N;Y;N;N;LANE_DEPARTURE;NO ERROR;"{""type"": ""Point"", ""coordinates"": [-79.29091458374403, 35.55787303447668]}";35.5578730345, -79.2909145837
810;103828057.0;CABARRUS;12.0;CONCORD;I 85;0.21;N;*MILE 58;*MILE 59;I 85;1000008510.0;9.408000000000001;I 85;INTERSTATE;K;2013-08-16T22:00:00-04:00;SATURDAY;1899-12-29T19:09:21-05:00;DAWN;WET;Y;N;N;Y;N;N;LANE_DEPARTURE;NO ERROR;"{""type"": ""Point"", ""coordinates"": [-80.60570467674312, 35.44686491931064]}";35.4468649193, -80.6057046767
791;102878423.0;CALDWELL;13.0;LENOIR;SR 1143;0.15;S;US 64;SR 1243;SR 1143;4000114310.0;6.12;SR 1143;SR;K;2010-05-31T22:00:00-04:00;TUESDAY;1899-12-29T19:09:21-05:00;DAYLIGHT;DRY;N;N;N;N;N;Y;LANE_DEPARTURE;NO ERROR;"{""type"": ""Point"", ""coordinates"": [-81.59611688600809, 35.865484857343404]}";35.8654848573, -81.596116886
769;102770893.0;CATAWBA;17.0;MAIDEN;SR 2021;0.5;W;SR 2022;SR 2020;SR 2021;4000202120.0;1.37;SR 2021;SR;K;2010-01-17T20:00:00-05:00;MONDAY;1899-12-29T19:09:21-05:00;DAYLIGHT;DRY;Y;N;N;N;N;N;LANE_DEPARTURE;NO ERROR;"{""type"": ""Point"", ""coordinates"": [-81.28217830804844, 35.5842745596587]}";35.5842745597, -81.282178308
796;103585748.0;CABARRUS;12.0;CONCORD;CONCORD;0.0;;CENTRAL;MINNIE;US 29;2000002910.0;8.11;US 29;US;K;2012-06-22T22:00:00-04:00;SATURDAY;1899-12-29T19:09:21-05:00;DARK - LIGHTED ROADWAY;DRY;Y;N;N;N;N;N;FRONTAL_IMPACT;NO ERROR;"{""type"": ""Point"", ""coordinates"": [-80.61536337675133, 35.42515602201672]}";35.425156022, -80.6153633768
772;103079879.0;CABARRUS;12.0;KANNAPOLIS;SR 2180;0.0;;I 85;*;SR 2180;4000218010.0;2.5740000000000003;SR 2180;SR;K;2011-01-27T20:00:00-05:00;FRIDAY;1899-12-29T19:09:21-05:00;DUSK;DRY;N;Y;N;Y;N;N;FRONTAL_IMPACT;NO ERROR;"{""type"": ""Point"", ""coordinates"": [-80.56385331644739, 35.497867874113055]}";35.4978678741, -80.5638533164
756;103688814.0;CARTERET;15.0;MOREHEAD CITY;NC 24;0.4;W;SR 1122;SR 1124;NC 24;3000002420.0;999.999;NC 24;NC;K;2013-02-25T20:00:00-05:00;TUESDAY;1899-12-29T19:09:21-05:00;DARK - ROADWAY NOT LIGHTED;WET;N;N;N;N;Y;Y;LANE_DEPARTURE;ROUTE MEASURE NOT FOUND;;
763;103547330.0;CALDWELL;13.0;GRANITE FALLS;US 321;0.0;;GLENRIDGE;US 321ALT;US 321;2000032110.0;999.999;US 321;US;K;2012-09-15T22:00:00-04:00;SUNDAY;1899-12-29T19:09:21-05:00;DAYLIGHT;DRY;N;Y;N;N;N;N;FRONTAL_IMPACT;ROUTE MEASURE NOT FOUND;;
938;102905435.0;CUMBERLAND;25.0;FAYETTEVILLE;STONEY POINT;0.5;NW;GALATIA CHURCH;SYKES POND;SR 1112;4000111230.0;7.8500000000000005;SR 1112;SR;K;2010-05-30T22:00:00-04:00;MONDAY;1899-12-29T19:09:21-05:00;DAYLIGHT;WET;UNK;N;N;Y;N;N;LANE_DEPARTURE;NO ERROR;"{""type"": ""Point"", ""coordinates"": [-79.06883110038332, 35.0182315964333]}";35.0182315964, -79.0688311004
934;103111377.0;CUMBERLAND;25.0;HOPE MILLS;SR 1113;0.1;N;SR 3647;SR 1003;SR 1113;4000111330.0;0.7130000000000001;SR 1113;SR;K;2011-03-04T20:00:00-05:00;SATURDAY;1899-12-29T19:09:21-05:00;DARK - ROADWAY NOT LIGHTED;DRY;Y;N;N;N;N;N;LANE_DEPARTURE;NO ERROR;"{""type"": ""Point"", ""coordinates"": [-79.009352847637, 34.96351309393203]}";34.9635130939, -79.0093528476
937;103162565.0;CUMBERLAND;25.0;FAYETTEVILLE;STONEY POINT;0.0;E;CL-HOKE;SYKES POND;SR 1112;4000111230.0;8.31;SR 1112;SR;K;2011-04-15T22:00:00-04:00;SATURDAY;1899-12-29T19:09:21-05:00;DAYLIGHT;DRY;N;N;N;N;N;Y;LANE_DEPARTURE;NO ERROR;"{""type"": ""Point"", ""coordinates"": [-79.07552118360081, 35.02199281728725]}";35.0219928173, -79.0755211836
931;103805240.0;CUMBERLAND;25.0;FAYETTEVILLE;SANTA FE;0.038;E;YADKIN;CARSON;SR 1437;4000143730.0;0.268;SR 1437;SR;K;2013-05-16T22:00:00-04:00;FRIDAY;1899-12-29T19:09:21-05:00;DARK - LIGHTED ROADWAY;DRY;Y;N;N;N;N;N;PEDESTRIAN;NO ERROR;"{""type"": ""Point"", ""coordinates"": [-78.9822583639653, 35.090300938712126]}";35.0903009387, -78.982258364
911;102826341.0;CABARRUS;12.0;CONCORD;NC 49;0.02;S;US 601;GENERAL SERVICES;NC 49;3000004910.0;8.819;NC 49;NC;K;2010-03-16T21:00:00-04:00;WEDNESDAY;1899-12-29T19:09:21-05:00;DAYLIGHT;DRY;N;N;N;N;N;N;SIDESWIPE;NO ERROR;"{""type"": ""Point"", ""coordinates"": [-80.5511409198021, 35.37323894813042]}";35.3732389481, -80.5511409198
899;103712098.0;CABARRUS;12.0;KANNAPOLIS;I 85;0.01;S;SR 2180;SR 2000;I 85;1000008510.0;13.748000000000001;I 85;INTERSTATE;K;2013-02-22T20:00:00-05:00;SATURDAY;1899-12-29T19:09:21-05:00;OTHER;WET;UNK;N;N;N;N;Y;UNK;NO ERROR;"{""type"": ""Point"", ""coordinates"": [-80.56367392045667, 35.49814539286614]}";35.4981453929, -80.5636739205
904;103321020.0;BUNCOMBE;10.0;ASHEVILLE;SR 2002;0.2;S;SR 2406;SR 2285;SR 2002;4000200210.0;1.36;SR 2002;SR;K;2011-12-01T20:00:00-05:00;FRIDAY;1899-12-29T19:09:21-05:00;DAWN;DRY;N;N;N;N;N;N;LANE_DEPARTURE;NO ERROR;"{""type"": ""Point"", ""coordinates"": [-82.47914323217402, 35.60429452415708]}";35.6042945242, -82.4791432322
1570;104216990.0;FORSYTH;33.0;TOBACCOVILLE;SR 1600;0.2;N;SR 1602;SR 1601;SR 1600;4000160030.0;1.558;SR 1600;SR;K;2014-11-08T20:00:00-05:00;SUNDAY;1899-12-29T19:09:21-05:00;DARK - ROADWAY NOT LIGHTED;DRY;Y;N;N;Y;N;N;LANE_DEPARTURE;NO ERROR;"{""type"": ""Point"", ""coordinates"": [-80.43558326343319, 36.23606332858049]}";36.2360633286, -80.4355832634
1575;103284543.0;FRANKLIN;34.0;LOUISBURG;NC 56;0.4;W;SR 1109;SR 1114;NC 56;3000005630.0;10.677000000000001;NC 56;NC;K;2011-10-13T22:00:00-04:00;FRIDAY;1899-12-29T19:09:21-05:00;DAYLIGHT;UNKNOWN;N;N;N;N;Y;N;LANE_DEPARTURE;NO ERROR;"{""type"": ""Point"", ""coordinates"": [-78.34575097431205, 36.08295395505735]}";36.0829539551, -78.3457509743
1078;103320634.0;CUMBERLAND;25.0;FAYETTEVILLE;RAMSEY;0.08800000000000001;N;TALLSTONE;DUPLINWOOD;US 401;2000040130.0;16.098000000000003;US 401;US;K;2011-03-05T20:00:00-05:00;SUNDAY;1899-12-29T19:09:21-05:00;DAYLIGHT;WET;N;N;N;N;N;Y;FRONTAL_IMPACT;NO ERROR;"{""type"": ""Point"", ""coordinates"": [-78.87787700794482, 35.131307771412004]}";35.1313077714, -78.8778770079
1081;103142957.0;CUMBERLAND;25.0;HOPE MILLS;SR 1123;0.2;NE;SR 1122;SR 1397;SR 1123;4000112330.0;0.2;SR 1123;SR;K;2011-04-06T22:00:00-04:00;THURSDAY;1899-12-29T19:09:21-05:00;DARK - ROADWAY NOT LIGHTED;DRY;Y;N;N;N;N;N;PEDESTRIAN;NO ERROR;"{""type"": ""Point"", ""coordinates"": [-78.9444256846152, 34.94517024656414]}";34.9451702466, -78.9444256846
1109;103898900.0;CUMBERLAND;25.0;EASTOVER;US 301;0.2;N;I 295;SR 1719;US 301;2000030130.0;19.497;US 301;US;K;2013-11-10T20:00:00-05:00;MONDAY;1899-12-29T19:09:21-05:00;DARK - ROADWAY NOT LIGHTED;DRY;N;N;N;Y;N;N;LANE_DEPARTURE;NO ERROR;"{""type"": ""Point"", ""coordinates"": [-78.75823165766685, 35.12721911597414]}";35.127219116, -78.7582316577
1102;103403468.0;DAVIDSON;28.0;LEXINGTON;US 29;0.7000000000000001;N;SR 1874;SR 1797;I 85BUS;1900008530.0;11.086;I 85BUS;INTERSTATE;K;2012-03-12T21:00:00-04:00;TUESDAY;1899-12-29T19:09:21-05:00;DAYLIGHT;DRY;Y;N;N;N;N;N;PEDALCYCLIST;NO ERROR;"{""type"": ""Point"", ""coordinates"": [-80.18566422975678, 35.860933159316545]}";35.8609331593, -80.1856642298
1128;104052287.0;CUMBERLAND;25.0;HOPE MILLS;US 301;0.3;S;NC 59;I 95;I 95BUS;1900009530.0;0.755;I 95BUS;INTERSTATE;K;2014-04-26T22:00:00-04:00;SUNDAY;1899-12-29T19:09:21-05:00;DAYLIGHT;DRY;Y;Y;N;Y;N;N;OTHER;NO ERROR;"{""type"": ""Point"", ""coordinates"": [-78.93351004675422, 34.94089390285425]}";34.9408939029, -78.9335100468