OBJECTID;CRSH_ID;COUNTY;COUNTY_NBR;MUNCIPALIT;ON_RD;DIS;DIR;FROM_RD;TWDS_RD;MLPST_RD;GIS_MP_ROU;MILEPOST;HO_ROUTE_N;HO_ROUTE_C;SEV;CRASH_DATE;DAY;TIME;LIGHT_COND;ROAD_SURFA;ALCOHOL_FL;MOTORCYCLE;HEAVY_TRUC;SPEED_RELA;OLDER_DRIV;TEEN_DRIVE;CRASH_TYPE;LOC_ERROR;geo_shape;geo_point_2d
1115;103012023.0;DAVIDSON;28.0;THOMASVILLE;NC 109;0.8200000000000001;N;SR 1755;SR 1753;NC 109;3000010930.0;999.999;NC 109;NC;K;2010-11-11T20:00:00-05:00;FRIDAY;1899-12-29T19:09:21-05:00;DAYLIGHT;DRY;N;N;N;N;N;N;FRONTAL_IMPACT;ROUTE MEASURE NOT FOUND;;
1143;103569745.0;DAVIDSON;28.0;THOMASVILLE;NC 109;0.08600000000000001;N;US 64;SR 3406;NC 109;3000010930.0;18.905;NC 109;NC;K;2012-10-11T22:00:00-04:00;FRIDAY;1899-12-29T19:09:21-05:00;DARK - ROADWAY NOT LIGHTED;DRY;Y;N;N;N;N;N;LANE_DEPARTURE;NO ERROR;"{""type"": ""Point"", ""coordinates"": [-80.10094696788498, 35.77287522795639]}";35.772875228, -80.1009469679
1138;102829904.0;CUMBERLAND;25.0;FAYETTEVILLE;I 95;1.2;S;I 295;SR 1832;I 95;1000009530.0;18.008;I 95;INTERSTATE;K;2010-03-14T21:00:00-04:00;MONDAY;1899-12-29T19:09:21-05:00;DARK - ROADWAY NOT LIGHTED;DRY;N;N;N;N;N;Y;PEDESTRIAN;NO ERROR;"{""type"": ""Point"", ""coordinates"": [-78.7677342697042, 35.1095764256108]}";35.1095764256, -78.7677342697
1134;102773000.0;CUMBERLAND;25.0;WADE;I 95;0.023;N;*MILE 62;*MILE 63;I 95;1000009530.0;23.1;I 95;INTERSTATE;K;2010-01-18T20:00:00-05:00;TUESDAY;1899-12-29T19:09:21-05:00;DARK - ROADWAY NOT LIGHTED;DRY;UNK;N;N;N;N;N;PEDESTRIAN;NO ERROR;"{""type"": ""Point"", ""coordinates"": [-78.70921959559905, 35.16562716099819]}";35.165627161, -78.7092195956
1133;104228084.0;CUMBERLAND;25.0;HOPE MILLS;SR 2284;0.3;S;NC 59;SR 2242;SR 2284;4000228430.0;0.99;SR 2284;SR;K;2014-11-26T20:00:00-05:00;THURSDAY;1899-12-29T19:09:21-05:00;DARK - LIGHTED ROADWAY;DRY;Y;N;N;N;N;N;LANE_DEPARTURE;NO ERROR;"{""type"": ""Point"", ""coordinates"": [-78.93344781379773, 34.94058961057058]}";34.9405896106, -78.9334478138
1163;103890310.0;CRAVEN;24.0;VANCEBORO;SR 1458;0.9;W;NC 118;SR 1462;SR 1458;4000145820.0;2.34;SR 1458;SR;K;2013-10-30T21:00:00-04:00;THURSDAY;1899-12-29T19:09:21-05:00;DARK - ROADWAY NOT LIGHTED;DRY;N;N;N;N;Y;Y;PEDESTRIAN;NO ERROR;"{""type"": ""Point"", ""coordinates"": [-77.27650784583862, 35.3522880661929]}";35.3522880662, -77.2765078458
1161;104226657.0;CRAVEN;24.0;DOVER;SR 1471;0.2;N;NC 55;SR 1472;SR 1471;4000147120.0;0.2;SR 1471;SR;K;2014-10-07T22:00:00-04:00;WEDNESDAY;1899-12-29T19:09:21-05:00;DAYLIGHT;DRY;N;N;N;N;N;N;LANE_DEPARTURE;NO ERROR;"{""type"": ""Point"", ""coordinates"": [-77.3325022060369, 35.29247434488655]}";35.2924743449, -77.332502206
1165;103444530.0;CRAVEN;24.0;VANCEBORO;SR 1448;0.5;E;SR 1400;SR 1451;SR 1448;4000144820.0;3.5700000000000003;SR 1448;SR;K;2012-05-04T22:00:00-04:00;SATURDAY;1899-12-29T19:09:21-05:00;DAYLIGHT;DRY;N;N;N;N;N;N;OTHER;NO ERROR;"{""type"": ""Point"", ""coordinates"": [-77.25084794412331, 35.29952325644491]}";35.2995232564, -77.2508479441
1159;103489263.0;CRAVEN;24.0;BRIDGETON;SR 1615;0.1;S;SR 1620;SR 1617;SR 1615;4000161520.0;3.748;SR 1615;SR;K;2012-06-27T22:00:00-04:00;THURSDAY;1899-12-29T19:09:21-05:00;DAYLIGHT;DRY;N;Y;N;N;N;N;ANIMAL;NO ERROR;"{""type"": ""Point"", ""coordinates"": [-77.00246322213013, 35.18960360356694]}";35.1896036036, -77.0024632221
1140;103577188.0;CUMBERLAND;25.0;FAYETTEVILLE;I 95;0.0;;NC 24;NC 53;I 95;1000009530.0;12.932;I 95;INTERSTATE;K;2012-10-14T22:00:00-04:00;MONDAY;1899-12-29T19:09:21-05:00;DARK - ROADWAY NOT LIGHTED;DRY;N;N;N;N;N;N;LANE_DEPARTURE;NO ERROR;"{""type"": ""Point"", ""coordinates"": [-78.8032649417022, 35.0426639605448]}";35.0426639605, -78.8032649417
1149;103709987.0;CRAVEN;24.0;NEW BERN;HAZEL;0.011000000000000001;SW;HAZEL;OPAL;HAZEL;5001349320.0;999.999;HAZEL;LCL;K;2013-03-23T21:00:00-04:00;SUNDAY;1899-12-29T19:09:21-05:00;DARK - LIGHTED ROADWAY;DRY;Y;N;N;Y;N;N;LANE_DEPARTURE;ROUTE NOT FOUND;;
1196;103566917.0;CUMBERLAND;25.0;FAYETTEVILLE;MORGANTON;0.1;W;CHURCH HILL;SKY;SR 1404;4000140430.0;1.734;SR 1404;SR;K;2012-07-21T22:00:00-04:00;SUNDAY;1899-12-29T19:09:21-05:00;DAYLIGHT;DRY;N;N;N;Y;N;N;FRONTAL_IMPACT;NO ERROR;"{""type"": ""Point"", ""coordinates"": [-78.92229663962985, 35.06356199124716]}";35.0635619912, -78.9222966396
1202;103301995.0;CRAVEN;24.0;NEW BERN;NC 55;0.08;E;SR 1445;SR 1446;NC 55;3000005520.0;20.21;NC 55;NC;K;2011-11-12T20:00:00-05:00;SUNDAY;1899-12-29T19:09:21-05:00;DARK - ROADWAY NOT LIGHTED;DRY;N;N;N;N;N;N;LANE_DEPARTURE;NO ERROR;"{""type"": ""Point"", ""coordinates"": [-77.22070414843142, 35.22986484457407]}";35.2298648446, -77.2207041484
1185;103686326.0;CRAVEN;24.0;NEW BERN;SR 1004;0.2;S;SR 1965;SR 1186;SR 1004;4000100420.0;2.5300000000000002;SR 1004;SR;K;2013-02-21T20:00:00-05:00;FRIDAY;1899-12-29T19:09:21-05:00;DAYLIGHT;DRY;N;N;N;N;N;N;LANE_DEPARTURE;NO ERROR;"{""type"": ""Point"", ""coordinates"": [-77.05805252548302, 35.06993095330052]}";35.0699309533, -77.0580525255
1204;103463836.0;CRAVEN;24.0;BRIDGETON;NC 55;0.1;E;SR 1659;SR 1600;NC 55;3000005520.0;1.95;NC 55;NC;K;2012-05-26T22:00:00-04:00;SUNDAY;1899-12-29T19:09:21-05:00;DAYLIGHT;DRY;UNK;Y;N;N;Y;N;FRONTAL_IMPACT;NO ERROR;"{""type"": ""Point"", ""coordinates"": [-77.00493969020941, 35.1223555857828]}";35.1223555858, -77.0049396902
1172;103318701.0;DARE;27.0;NAGS HEAD;NC 12;3.1;S;SR 1243;SR 1256;NC 12;3000001230.0;54.081;NC 12;NC;K;2011-11-03T21:00:00-04:00;FRIDAY;1899-12-29T19:09:21-05:00;DAYLIGHT;WET;N;N;N;Y;N;N;LANE_DEPARTURE;NO ERROR;"{""type"": ""Point"", ""coordinates"": [-75.54638210957215, 35.797512984840104]}";35.7975129848, -75.5463821096
1274;103806779.0;CURRITUCK;26.0;DUCK, NC;NC 12;0.1;N;SR 1426;DRIFTWOOD;NC 12;3000001230.0;4.396;NC 12;NC;K;2013-07-21T22:00:00-04:00;MONDAY;1899-12-29T19:09:21-05:00;DAYLIGHT;DRY;N;N;N;N;N;N;PEDESTRIAN;NO ERROR;"{""type"": ""Point"", ""coordinates"": [-75.80113399198834, 36.289996864375354]}";36.2899968644, -75.801133992
1200;103463835.0;CRAVEN;24.0;COVE CITY;NC 55;0.1;W;SR 1256;SR 1258;NC 55;3000005520.0;25.02;NC 55;NC;K;2012-05-29T22:00:00-04:00;WEDNESDAY;1899-12-29T19:09:21-05:00;DAYLIGHT;WET;N;N;N;N;N;N;OTHER;NO ERROR;"{""type"": ""Point"", ""coordinates"": [-77.29300711961879, 35.260231426926985]}";35.2602314269, -77.2930071196
1186;103267086.0;DAVIDSON;28.0;LEXINGTON;SR 1156;0.0;;SR 3170;SR 1155;SR 1156;4000115630.0;0.61;SR 1156;SR;K;2011-10-03T22:00:00-04:00;TUESDAY;1899-12-29T19:09:21-05:00;DAYLIGHT;DRY;N;N;N;N;Y;N;FRONTAL_IMPACT;NO ERROR;"{""type"": ""Point"", ""coordinates"": [-80.359727741005, 35.761526421587185]}";35.7615264216, -80.359727741
1197;103794216.0;CRAVEN;24.0;HAVELOCK;NC 101;0.0;;NC 306;SR 1777;NC 101;3000010120.0;4.26;NC 101;NC;K;2013-07-02T22:00:00-04:00;WEDNESDAY;1899-12-29T19:09:21-05:00;DAYLIGHT;DRY;Y;N;N;N;N;N;FRONTAL_IMPACT;NO ERROR;"{""type"": ""Point"", ""coordinates"": [-76.82379597809427, 34.8741834886797]}";34.8741834887, -76.8237959781
1169;103528654.0;CRAVEN;24.0;NEW BERN;OAK;0.0;;SIMMONS;DALE;SR 1403;4000140320.0;0.9;SR 1403;SR;K;2011-12-02T20:00:00-05:00;SATURDAY;1899-12-29T19:09:21-05:00;DAYLIGHT;DRY;Y;N;N;Y;N;N;FRONTAL_IMPACT;NO ERROR;"{""type"": ""Point"", ""coordinates"": [-77.06245937249153, 35.127675337950535]}";35.127675338, -77.0624593725
1222;103477215.0;CRAVEN;24.0;HAVELOCK;US 70;0.34;N;CHADWICK;STONEBRIDGE;US 70;2000007020.0;33.64;US 70;US;K;2012-05-10T22:00:00-04:00;FRIDAY;1899-12-29T19:09:21-05:00;DARK - ROADWAY NOT LIGHTED;DRY;N;N;N;N;N;N;PEDALCYCLIST;NO ERROR;"{""type"": ""Point"", ""coordinates"": [-76.92396152970447, 34.89233940260546]}";34.8923394026, -76.9239615297
1241;104038163.0;DAVIDSON;28.0;LEXINGTON;I 85;1.0;N;*MILE 91;*MILE 92;I 85;1000008530.0;9.620000000000001;I 85;INTERSTATE;K;2014-04-16T22:00:00-04:00;THURSDAY;1899-12-29T19:09:21-05:00;DAYLIGHT;DRY;N;N;N;N;N;N;LANE_DEPARTURE;NO ERROR;"{""type"": ""Point"", ""coordinates"": [-80.24710201111645, 35.783674027912795]}";35.7836740279, -80.2471020111
1249;103051455.0;DAVIDSON;28.0;LEXINGTON;I 85;0.5;NE;SR 2010;SR 2025;I 85;1000008530.0;15.011000000000001;I 85;INTERSTATE;K;2010-12-25T20:00:00-05:00;SUNDAY;1899-12-29T19:09:21-05:00;DAYLIGHT;SNOW;N;N;N;N;Y;N;LANE_DEPARTURE;NO ERROR;"{""type"": ""Point"", ""coordinates"": [-80.1676440911582, 35.82350022449383]}";35.8235002245, -80.1676440912
1256;103678943.0;DAVIDSON;28.0;LEXINGTON;SR 1485;0.2;W;SR 1495;SR 1543;SR 1485;4000148530.0;1.486;SR 1485;SR;K;2013-02-12T20:00:00-05:00;WEDNESDAY;1899-12-29T19:09:21-05:00;DAYLIGHT;WET;N;N;N;N;Y;N;LANE_DEPARTURE;NO ERROR;"{""type"": ""Point"", ""coordinates"": [-80.35619601479547, 35.93986205955907]}";35.9398620596, -80.3561960148
1211;103123819.0;CRAVEN;24.0;NEW BERN;NC 43;0.4;N;SR 1401;SR 1400;NC 43;3000004320.0;6.41;NC 43;NC;K;2010-08-12T22:00:00-04:00;FRIDAY;1899-12-29T19:09:21-05:00;DAYLIGHT;WET;N;N;N;Y;N;N;FRONTAL_IMPACT;NO ERROR;"{""type"": ""Point"", ""coordinates"": [-77.13075644486581, 35.19917569667812]}";35.1991756967, -77.1307564449
1229;104045891.0;CRAVEN;24.0;HAVELOCK;US 70;0.0;;SR 1104;SR 1108;US 70;2000007020.0;25.78;US 70;US;K;2014-04-10T22:00:00-04:00;FRIDAY;1899-12-29T19:09:21-05:00;DAYLIGHT;DRY;N;N;N;N;Y;N;FRONTAL_IMPACT;NO ERROR;"{""type"": ""Point"", ""coordinates"": [-76.98263934278879, 34.99012082551584]}";34.9901208255, -76.9826393428
1216;103664818.0;CRAVEN;24.0;RIVER BEND;US 17;0.076;S;NORBURY;SR 1221;US 17BUS;2900001720.0;22.894000000000002;US 17BUS;US;K;2013-01-27T20:00:00-05:00;MONDAY;1899-12-29T19:09:21-05:00;DARK - ROADWAY NOT LIGHTED;DRY;Y;N;N;Y;N;N;OTHER;ROUTE MEASURE NOT FOUND;;
1245;102836797.0;COLUMBUS;23.0;TABOR CITY;FIFTH;0.07;E;RICHARD WRIGHT;TEN MILE;FIFTH;5001047920.0;999.999;FIFTH;LCL;K;2010-03-28T22:00:00-04:00;MONDAY;1899-12-29T19:09:21-05:00;DUSK;WET;UNK;N;N;N;N;N;FRONTAL_IMPACT;ROUTE NOT FOUND;;
1252;102800757.0;COLUMBUS;23.0;BOLTON;SR 1740;0.1;E;SR 1776;SR 1876;SR 1740;4000174020.0;999.999;SR 1740;SR;K;2010-02-20T20:00:00-05:00;SUNDAY;1899-12-29T19:09:21-05:00;DAYLIGHT;DRY;N;N;N;N;N;N;LANE_DEPARTURE;ROUTE MEASURE NOT FOUND;;
1242;103413927.0;COLUMBUS;23.0;TABOR CITY;SIXTH;0.25;E;PERKINS;*LCL NORTH CAROLINA SC STAT;;5002829520.0;999.999;SIXTH;LCL;K;2012-03-16T21:00:00-04:00;SATURDAY;1899-12-29T19:09:21-05:00;DARK - ROADWAY NOT LIGHTED;DRY;Y;N;N;Y;N;N;LANE_DEPARTURE;ROUTE NOT FOUND;;
1277;103916681.0;COLUMBUS;23.0;WHITEVILLE;SR 1333;0.058;E;SR 1335;US 701;SR 1333;4000133320.0;0.792;SR 1333;SR;K;2013-11-20T20:00:00-05:00;THURSDAY;1899-12-29T19:09:21-05:00;DARK - ROADWAY NOT LIGHTED;DRY;N;N;N;N;N;N;LANE_DEPARTURE;NO ERROR;"{""type"": ""Point"", ""coordinates"": [-78.76121720334869, 34.25831973261811]}";34.2583197326, -78.7612172033
1287;103873131.0;COLUMBUS;23.0;WHITEVILLE;SR 1166;0.4;E;SR 1170;SR 1168;SR 1166;4000116620.0;3.98;SR 1166;SR;K;2013-10-10T22:00:00-04:00;FRIDAY;1899-12-29T19:09:21-05:00;DARK - ROADWAY NOT LIGHTED;DRY;N;N;N;N;N;N;PEDESTRIAN;NO ERROR;"{""type"": ""Point"", ""coordinates"": [-78.72937574407773, 34.273583927742195]}";34.2735839277, -78.7293757441
1215;104063788.0;CRAVEN;24.0;NEW BERN;NC 43;0.019;N;SR 1494;SR 1504;NC 43;3000004320.0;4.3790000000000004;NC 43;NC;K;2014-05-11T22:00:00-04:00;MONDAY;1899-12-29T19:09:21-05:00;DARK - ROADWAY NOT LIGHTED;DRY;UNK;N;N;Y;N;N;LANE_DEPARTURE;NO ERROR;"{""type"": ""Point"", ""coordinates"": [-77.12755883403392, 35.1711094371155]}";35.1711094371, -77.127558834
1286;103411560.0;COLUMBUS;23.0;TABOR CITY;SR 1300;0.15;N;SR 1307;SR 1310;SR 1300;4000130020.0;1.856;SR 1300;SR;K;2012-03-22T21:00:00-04:00;FRIDAY;1899-12-29T19:09:21-05:00;DARK - ROADWAY NOT LIGHTED;DRY;Y;Y;N;N;N;N;OTHER;NO ERROR;"{""type"": ""Point"", ""coordinates"": [-78.86710510961127, 34.17539317381116]}";34.1753931738, -78.8671051096
1283;103561248.0;COLUMBUS;23.0;CHADBOURN;SR 1300;0.1;N;SR 1004;SR 1418;SR 1300;4000130020.0;8.506;SR 1300;SR;K;2012-09-28T22:00:00-04:00;SATURDAY;1899-12-29T19:09:21-05:00;DAYLIGHT;DRY;N;N;N;N;Y;N;LANE_DEPARTURE;NO ERROR;"{""type"": ""Point"", ""coordinates"": [-78.85896225105145, 34.26870392429722]}";34.2687039243, -78.8589622511
1278;103319388.0;COLUMBUS;23.0;CHADBOURN;INSTITUTE;0.0;;HAMMOND;*LCL CHADBOURN/CLARENDON RD;SR 1317;4000131720.0;8.513;SR 1317;SR;K;2011-10-09T22:00:00-04:00;MONDAY;1899-12-29T19:09:21-05:00;DAYLIGHT;WET;Y;N;N;N;N;N;FRONTAL_IMPACT;NO ERROR;"{""type"": ""Point"", ""coordinates"": [-78.81452296476326, 34.313284855073114]}";34.3132848551, -78.8145229648
1330;104193512.0;COLUMBUS;23.0;EVERGREEN;NC 242;0.7000000000000001;S;SR 1512;SR 1504;NC 242;3000024220.0;4.579000000000001;NC 242;NC;K;2014-10-11T22:00:00-04:00;SUNDAY;1899-12-29T19:09:21-05:00;DARK - ROADWAY NOT LIGHTED;WET;Y;N;N;N;N;N;LANE_DEPARTURE;NO ERROR;"{""type"": ""Point"", ""coordinates"": [-78.90668322083792, 34.38365006887471]}";34.3836500689, -78.9066832208
1346;103337521.0;COLUMBUS;23.0;BRUNSWICK;NC 130;0.3;NW;SR 1166;SR 1958;NC 130;3000013020.0;14.290000000000001;NC 130;NC;K;2011-12-21T20:00:00-05:00;THURSDAY;1899-12-29T19:09:21-05:00;DARK - ROADWAY NOT LIGHTED;DRY;Y;N;N;N;N;N;LANE_DEPARTURE;NO ERROR;"{""type"": ""Point"", ""coordinates"": [-78.68159484220178, 34.24840744581641]}";34.2484074458, -78.6815948422
1337;104210083.0;COLUMBUS;23.0;BOLTON;NC 211;0.055;N;SR 1800;SR 1740;NC 211;3000021120.0;13.655000000000001;NC 211;NC;K;2014-10-31T21:00:00-04:00;SATURDAY;1899-12-29T19:09:21-05:00;DARK - ROADWAY NOT LIGHTED;WET;Y;N;N;Y;N;N;LANE_DEPARTURE;NO ERROR;"{""type"": ""Point"", ""coordinates"": [-78.44263173845198, 34.36611855625782]}";34.3661185563, -78.4426317385
1303;103076746.0;COLUMBUS;23.0;CHADBOURN;SR 1003;0.2;E;NC 410;SR 1533;SR 1003;4000100320.0;6.186;SR 1003;SR;K;2011-01-08T20:00:00-05:00;SUNDAY;1899-12-29T19:09:21-05:00;DARK - ROADWAY NOT LIGHTED;DRY;N;N;N;N;N;N;PEDESTRIAN;NO ERROR;"{""type"": ""Point"", ""coordinates"": [-78.8147348177326, 34.4209674856782]}";34.4209674857, -78.8147348177
1309;104024858.0;COLUMBUS;23.0;WHITEVILLE;SR 1001;0.1;S;SR 1903;SR 1907;SR 1001;4000100120.0;9.417;SR 1001;SR;K;2014-04-02T22:00:00-04:00;THURSDAY;1899-12-29T19:09:21-05:00;DARK - ROADWAY NOT LIGHTED;DRY;Y;N;N;N;N;N;OTHER;NO ERROR;"{""type"": ""Point"", ""coordinates"": [-78.599681630359, 34.31400378856246]}";34.3140037886, -78.5996816304
1351;103819257.0;DARE;27.0;KILL DEVIL HILLS;US 158;0.002;N;NEPTUNE;DEAN;US 158;2000015830.0;10.871;US 158;US;K;2013-06-09T22:00:00-04:00;MONDAY;1899-12-29T19:09:21-05:00;DARK - LIGHTED ROADWAY;DRY;Y;N;N;N;N;Y;PEDESTRIAN;NO ERROR;"{""type"": ""Point"", ""coordinates"": [-75.65160505213731, 35.99816792719662]}";35.9981679272, -75.6516050521
1325;103870166.0;COLUMBUS;23.0;TABOR CITY;PIREWAY;0.049;NW;ORANGE;FIFTH;NC 904;3000090420.0;16.255;NC 904;NC;K;2013-10-05T22:00:00-04:00;SUNDAY;1899-12-29T19:09:21-05:00;DARK - LIGHTED ROADWAY;DRY;UNK;N;N;Y;N;N;OTHER;NO ERROR;"{""type"": ""Point"", ""coordinates"": [-78.87325891076162, 34.14999691169826]}";34.1499969117, -78.8732589108
1295;103294409.0;COLUMBUS;23.0;TABOR CITY;SR 1131;0.1;N;SR 1132;SR 1006;SR 1131;4000113120.0;1.03;SR 1131;SR;K;2011-11-05T21:00:00-04:00;SUNDAY;1899-12-29T19:09:21-05:00;DAYLIGHT;DRY;N;N;N;Y;N;N;LANE_DEPARTURE;NO ERROR;"{""type"": ""Point"", ""coordinates"": [-78.81994337774194, 34.12126125800768]}";34.121261258, -78.8199433777
1332;102831213.0;COLUMBUS;23.0;CHADBOURN;NC 242;1.3;S;SR 1512;SR 1504;NC 242;3000024220.0;3.979;NC 242;NC;K;2010-04-03T22:00:00-04:00;SUNDAY;1899-12-29T19:09:21-05:00;DAYLIGHT;DRY;Y;N;N;Y;N;N;LANE_DEPARTURE;NO ERROR;"{""type"": ""Point"", ""coordinates"": [-78.908240610802, 34.37542401054523]}";34.3754240105, -78.9082406108
1301;103555156.0;COLUMBUS;23.0;FAIR BLUFF;SR 1004;0.2;E;SR 1359;SR 1401;SR 1004;4000100420.0;3.7;SR 1004;SR;K;2012-09-24T22:00:00-04:00;TUESDAY;1899-12-29T19:09:21-05:00;DAYLIGHT;DRY;N;N;N;N;N;Y;PEDESTRIAN;NO ERROR;"{""type"": ""Point"", ""coordinates"": [-78.96872278129013, 34.30279468500833]}";34.302794685, -78.9687227813
1383;103303432.0;CUMBERLAND;25.0;SPRING LAKE;SR 1451;1.2;W;NC 24;*PP POPE ARMY AIR FIELD;SR 1451;4000145130.0;3.6630000000000003;SR 1451;SR;K;2011-11-09T20:00:00-05:00;THURSDAY;1899-12-29T19:09:21-05:00;DARK - ROADWAY NOT LIGHTED;DRY;Y;N;N;Y;N;N;LANE_DEPARTURE;NO ERROR;"{""type"": ""Point"", ""coordinates"": [-79.00636134339439, 35.1880133805641]}";35.1880133806, -79.0063613434
1380;102860791.0;COLUMBUS;23.0;BOLTON;US 74;0.3;W;SR 1800;NC 211;US 74;2000007420.0;35.25;US 74;US;K;2010-05-10T22:00:00-04:00;TUESDAY;1899-12-29T19:09:21-05:00;DARK - ROADWAY NOT LIGHTED;DRY;N;N;N;N;N;N;REAR_END;NO ERROR;"{""type"": ""Point"", ""coordinates"": [-78.40352318952438, 34.33054690689773]}";34.3305469069, -78.4035231895
1375;103403820.0;COLUMBUS;23.0;CHADBOURN;US 76;0.5;W;SR 1504;SR 1415;US 76;2000007620.0;12.88;US 76;US;K;2012-03-16T21:00:00-04:00;SATURDAY;1899-12-29T19:09:21-05:00;DAYLIGHT;DRY;N;N;N;Y;N;N;LANE_DEPARTURE;NO ERROR;"{""type"": ""Point"", ""coordinates"": [-78.86805670087571, 34.33182354747244]}";34.3318235475, -78.8680567009
1376;103688116.0;COLUMBUS;23.0;BOLTON;US 74;0.1;E;SR 1884;CL-BRUNSWICK;US 74;2000007420.0;47.36;US 74;US;K;2013-02-21T20:00:00-05:00;FRIDAY;1899-12-29T19:09:21-05:00;DAYLIGHT;DRY;N;N;N;N;N;N;FRONTAL_IMPACT;NO ERROR;"{""type"": ""Point"", ""coordinates"": [-78.1961635376982, 34.30682001629456]}";34.3068200163, -78.1961635377
1379;103951009.0;DAVIDSON;28.0;DENTON;NC 49;0.3;W;SR 2527;NC 109;NC 49;3000004930.0;8.2;NC 49;NC;K;2014-01-08T20:00:00-05:00;THURSDAY;1899-12-29T19:09:21-05:00;DAYLIGHT;DRY;N;N;N;N;Y;N;LANE_DEPARTURE;NO ERROR;"{""type"": ""Point"", ""coordinates"": [-80.0716202664886, 35.57388433379793]}";35.5738843338, -80.0716202665
1356;104230571.0;COLUMBUS;23.0;RIEGELWOOD;NC 11;0.0;;SR 1740;US 74;NC 11;3000001120.0;2.158;NC 11;NC;K;2014-11-29T20:00:00-05:00;SUNDAY;1899-12-29T19:09:21-05:00;DAYLIGHT;DRY;N;N;N;N;N;Y;FRONTAL_IMPACT;NO ERROR;"{""type"": ""Point"", ""coordinates"": [-78.2769343433451, 34.347612881866965]}";34.3476128819, -78.2769343433
1374;103753209.0;COLUMBUS;23.0;CHADBOURN;US 76;0.0;;SR 1528;SR 1504;US 76;2000007620.0;13.540000000000001;US 76;US;K;2013-05-16T22:00:00-04:00;FRIDAY;1899-12-29T19:09:21-05:00;DAYLIGHT;DRY;N;N;N;N;N;N;REAR_END;NO ERROR;"{""type"": ""Point"", ""coordinates"": [-78.85707796741198, 34.334883151475374]}";34.3348831515, -78.8570779674
1392;103049624.0;CUMBERLAND;25.0;FAYETTEVILLE;SR 1607;0.083;SE;SR 1606;SR 2546;SR 1607;4000160730.0;999.999;SR 1607;SR;K;2010-12-15T20:00:00-05:00;THURSDAY;1899-12-29T19:09:21-05:00;DAYLIGHT;ICE;N;N;N;Y;N;N;LANE_DEPARTURE;ROUTE MEASURE NOT FOUND;;
1359;102850732.0;DAVIDSON;28.0;THOMASVILLE;NC 109;0.0;N;NC 109;*;NC 109;3000010930.0;999.999;NC 109;NC;K;2010-04-02T22:00:00-04:00;SATURDAY;1899-12-29T19:09:21-05:00;DAYLIGHT;DRY;N;N;N;N;Y;N;FRONTAL_IMPACT;ROUTE MEASURE NOT FOUND;;
1393;104210396.0;CLEVELAND;22.0;SHELBY;GRAHAM;0.0;;PATTON;DEKALB;GRAHAM;5001223920.0;999.999;GRAHAM;LCL;K;2014-08-18T22:00:00-04:00;TUESDAY;1899-12-29T19:09:21-05:00;DARK - ROADWAY NOT LIGHTED;DRY;N;N;N;N;N;N;FRONTAL_IMPACT;ROUTE NOT FOUND;;
1443;104152095.0;CLEVELAND;22.0;SHELBY;NC 180;0.08800000000000001;N;SR 2125;SR 2067;NC 180;3000018020.0;8.596;NC 180;NC;K;2014-09-12T22:00:00-04:00;SATURDAY;1899-12-29T19:09:21-05:00;DARK - ROADWAY NOT LIGHTED;WATER (STANDING, MOVING);UNK;N;N;Y;N;N;LANE_DEPARTURE;NO ERROR;"{""type"": ""Point"", ""coordinates"": [-81.48554439242073, 35.29907848001063]}";35.29907848, -81.4855443924
1413;103196723.0;CLEVELAND;22.0;LAWNDALE;SR 1811;0.03;N;SR 1868;SR 1813;SR 1811;4000181120.0;0.7000000000000001;SR 1811;SR;K;2011-07-09T22:00:00-04:00;SUNDAY;1899-12-29T19:09:21-05:00;DARK - ROADWAY NOT LIGHTED;WET;Y;N;N;Y;N;Y;LANE_DEPARTURE;NO ERROR;"{""type"": ""Point"", ""coordinates"": [-81.56603293749129, 35.398284607466664]}";35.3982846075, -81.5660329375