OBJECTID;CRSH_ID;COUNTY;COUNTY_NBR;MUNCIPALIT;ON_RD;DIS;DIR;FROM_RD;TWDS_RD;MLPST_RD;GIS_MP_ROU;MILEPOST;HO_ROUTE_N;HO_ROUTE_C;SEV;CRASH_DATE;DAY;TIME;LIGHT_COND;ROAD_SURFA;ALCOHOL_FL;MOTORCYCLE;HEAVY_TRUC;SPEED_RELA;OLDER_DRIV;TEEN_DRIVE;CRASH_TYPE;LOC_ERROR;geo_shape;geo_point_2d
1416;103526184.0;DARE;27.0;KILL DEVIL HILLS;NC 12;0.012;N;CAROLYN;NEPTUNE;NC 12;3000001230.0;68.919;NC 12;NC;K;2012-08-06T22:00:00-04:00;TUESDAY;1899-12-29T19:09:21-05:00;DARK - LIGHTED ROADWAY;WET;Y;N;N;N;N;N;PEDALCYCLIST;NO ERROR;"{""type"": ""Point"", ""coordinates"": [-75.64505088587354, 35.99371154063292]}";35.9937115406, -75.6450508859
1432;103373708.0;CLEVELAND;22.0;PATTERSON SPRINGS;NC 226;0.9;SE;SR 2212;SR 2228;NC 226;3000022620.0;3.754;NC 226;NC;K;2012-02-08T20:00:00-05:00;THURSDAY;1899-12-29T19:09:21-05:00;DAYLIGHT;DRY;Y;N;N;Y;N;N;LANE_DEPARTURE;NO ERROR;"{""type"": ""Point"", ""coordinates"": [-81.49127123059073, 35.205186488907636]}";35.2051864889, -81.4912712306
1441;103508447.0;CLEVELAND;22.0;SHELBY;NC 180;0.6;S;NC 150;SR 2067;NC 180;3000018020.0;9.058;NC 180;NC;K;2012-07-27T22:00:00-04:00;SATURDAY;1899-12-29T19:09:21-05:00;DAYLIGHT;DRY;N;N;N;N;N;N;LANE_DEPARTURE;NO ERROR;"{""type"": ""Point"", ""coordinates"": [-81.48701228103852, 35.30564801953845]}";35.3056480195, -81.487012281
1431;103523901.0;CLEVELAND;22.0;SHELBY;NC 226;0.012;N;SR 2202;SR 2402;NC 226;3000022620.0;7.886;NC 226;NC;K;2012-08-16T22:00:00-04:00;FRIDAY;1899-12-29T19:09:21-05:00;DAYLIGHT;DRY;N;N;N;N;N;N;LANE_DEPARTURE;NO ERROR;"{""type"": ""Point"", ""coordinates"": [-81.50742999521759, 35.255759376909396]}";35.2557593769, -81.5074299952
1397;103181580.0;CUMBERLAND;25.0;HOPE MILLS;SR 1141;0.0;;NC 59;SR 1136;SR 1141;4000114130.0;0.5880000000000001;SR 1141;SR;K;2011-06-16T22:00:00-04:00;FRIDAY;1899-12-29T19:09:21-05:00;DAYLIGHT;DRY;N;Y;N;Y;N;N;FRONTAL_IMPACT;NO ERROR;"{""type"": ""Point"", ""coordinates"": [-78.96714028860232, 35.005045964301324]}";35.0050459643, -78.9671402886
1428;104212965.0;CLEVELAND;22.0;PATTERSON SPRINGS;NC 226;0.1;S;YANKEE;GARDEN;NC 226;3000022620.0;999.999;NC 226;NC;K;2014-11-10T20:00:00-05:00;TUESDAY;1899-12-29T19:09:21-05:00;DARK - ROADWAY NOT LIGHTED;DRY;N;N;N;N;N;N;LANE_DEPARTURE;ROUTE MEASURE NOT FOUND;;
1425;102786918.0;CLEVELAND;22.0;BOILING SPRINGS;SR 1002;1.0;S;NC 150;SR 1201;SR 1002;4000100220.0;5.61;SR 1002;SR;K;2010-02-08T20:00:00-05:00;TUESDAY;1899-12-29T19:09:21-05:00;DAYLIGHT;WET;N;N;N;N;N;N;LANE_DEPARTURE;ROUTE MEASURE NOT FOUND;;
1414;103142279.0;CLEVELAND;22.0;SHELBY;SR 1808;0.1;E;SR 1805;SR 1804;SR 1808;4000180820.0;999.999;SR 1808;SR;K;2011-04-22T22:00:00-04:00;SATURDAY;1899-12-29T19:09:21-05:00;DAYLIGHT;DRY;Y;N;N;N;N;N;LANE_DEPARTURE;ROUTE MEASURE NOT FOUND;;
1524;102975430.0;CUMBERLAND;25.0;FAYETTEVILLE;SR 2233;0.3;W;SR 2222;SR 2221;SR 2233;4000223330.0;0.76;SR 2233;SR;K;2010-09-17T22:00:00-04:00;SATURDAY;1899-12-29T19:09:21-05:00;DARK - ROADWAY NOT LIGHTED;DRY;Y;N;N;N;N;N;LANE_DEPARTURE;NO ERROR;"{""type"": ""Point"", ""coordinates"": [-78.82860790385106, 34.95038964688694]}";34.9503896469, -78.8286079039
1493;103350956.0;CLAY;21.0;HAYESVILLE;US 64;0.3;W;SR 1135;CL-CHEROKEE;US 64;2000006420.0;0.73;US 64;US;K;2012-01-09T20:00:00-05:00;TUESDAY;1899-12-29T19:09:21-05:00;DAYLIGHT;DRY;N;N;N;N;Y;N;FRONTAL_IMPACT;NO ERROR;"{""type"": ""Point"", ""coordinates"": [-83.92896884079641, 35.05652524375941]}";35.0565252438, -83.9289688408
1510;103892501.0;CHEROKEE;19.0;ANDREWS;SR 1428;1.4000000000000001;W;SR 1383;SR 1381;SR 1428;4000142820.0;3.21;SR 1428;SR;K;2013-11-04T20:00:00-05:00;TUESDAY;1899-12-29T19:09:21-05:00;DAYLIGHT;DRY;N;N;Y;N;N;N;PEDESTRIAN;NO ERROR;"{""type"": ""Point"", ""coordinates"": [-83.90601861929144, 35.18552393162903]}";35.1855239316, -83.9060186193
1507;104124763.0;CHEROKEE;19.0;MURPHY;SR 1548;0.5;N;CL-CLAY;US 64;SR 1548;4000154820.0;1.038;SR 1548;SR;K;2014-08-07T22:00:00-04:00;FRIDAY;1899-12-29T19:09:21-05:00;DAYLIGHT;WET;N;N;N;N;N;N;LANE_DEPARTURE;NO ERROR;"{""type"": ""Point"", ""coordinates"": [-83.9633295715309, 35.04810956982504]}";35.0481095698, -83.9633295715
1512;102919995.0;CHEROKEE;19.0;MURPHY;SR 1342;0.6;N;SR 1343;SR 1345;SR 1342;4000134220.0;0.2;SR 1342;SR;K;2010-07-21T22:00:00-04:00;THURSDAY;1899-12-29T19:09:21-05:00;DAYLIGHT;DRY;Y;N;N;Y;Y;N;OTHER;NO ERROR;"{""type"": ""Point"", ""coordinates"": [-84.04802083067764, 35.15654847032761]}";35.1565484703, -84.0480208307
1516;103218636.0;CHEROKEE;19.0;MURPHY;SR 1314;1.3;W;SR 1312;NC 294;SR 1314;4000131420.0;0.93;SR 1314;SR;K;2011-07-05T22:00:00-04:00;WEDNESDAY;1899-12-29T19:09:21-05:00;DUSK;DRY;Y;N;N;N;N;N;OTHER;NO ERROR;"{""type"": ""Point"", ""coordinates"": [-84.22150016497352, 35.11957218820862]}";35.1195721882, -84.221500165
1454;103926232.0;CUMBERLAND;25.0;FAYETTEVILLE;DUNN;0.009000000000000001;NE;PLYMOUTH;FORT WORTH;SR 1838;4000183830.0;1.089;SR 1838;SR;K;2013-11-13T20:00:00-05:00;THURSDAY;1899-12-29T19:09:21-05:00;DARK - ROADWAY NOT LIGHTED;DRY;N;N;N;N;N;N;LANE_DEPARTURE;NO ERROR;"{""type"": ""Point"", ""coordinates"": [-78.84032437863601, 35.05931611383749]}";35.0593161138, -78.8403243786
1464;102887594.0;CLEVELAND;22.0;KINGS MOUNTAIN;US 74;0.2;E;SR 1001;SR 2034;US 74;2000007420.0;19.625;US 74;US;K;2010-06-04T22:00:00-04:00;SATURDAY;1899-12-29T19:09:21-05:00;DARK - ROADWAY NOT LIGHTED;DRY;UNK;N;N;N;N;N;PEDESTRIAN;NO ERROR;"{""type"": ""Point"", ""coordinates"": [-81.40594678621584, 35.24759859361]}";35.2475985936, -81.4059467862
1462;103137721.0;CUMBERLAND;25.0;FAYETTEVILLE;SR 1885;0.2;W;SR 1869;SR 1831;SR 1885;4000188530.0;0.66;SR 1885;SR;K;2011-04-14T22:00:00-04:00;FRIDAY;1899-12-29T19:09:21-05:00;DAYLIGHT;DRY;Y;N;N;N;N;N;LANE_DEPARTURE;NO ERROR;"{""type"": ""Point"", ""coordinates"": [-78.75565422405789, 35.04596215954968]}";35.0459621595, -78.7556542241
1473;103010200.0;CLEVELAND;22.0;MOORESBORO;US 74;0.3;E;SR 1167;SR 1163;US 74;2000007420.0;2.7760000000000002;US 74;US;K;2010-11-09T20:00:00-05:00;WEDNESDAY;1899-12-29T19:09:21-05:00;DAYLIGHT;DRY;N;N;N;N;N;N;PEDESTRIAN;NO ERROR;"{""type"": ""Point"", ""coordinates"": [-81.68233740744516, 35.298500677148056]}";35.2985006771, -81.6823374074
1471;103447595.0;CLEVELAND;22.0;SHELBY;DIXON;0.02;W;WASHBURN SWITCH;CREEK;US 74;2000007420.0;7.647;US 74;US;K;2012-04-29T22:00:00-04:00;MONDAY;1899-12-29T19:09:21-05:00;DAYLIGHT;DRY;UNK;N;N;N;Y;N;REAR_END;NO ERROR;"{""type"": ""Point"", ""coordinates"": [-81.59846000053938, 35.293381518886186]}";35.2933815189, -81.5984600005
1486;104138646.0;CLAY;21.0;HAYESVILLE;US 64;0.016;E;SR 1340;SR 1341;US 64;2000006420.0;16.086000000000002;US 64;US;K;2014-08-24T22:00:00-04:00;MONDAY;1899-12-29T19:09:21-05:00;DAYLIGHT;DRY;N;N;N;N;Y;N;LANE_DEPARTURE;NO ERROR;"{""type"": ""Point"", ""coordinates"": [-83.68204885652355, 35.02456599048099]}";35.0245659905, -83.6820488565
1467;103805244.0;CUMBERLAND;25.0;FAYETTEVILLE;REILLY;0.0;;JEFFERY;CLIFFDALE;SR 1403;4000140330.0;2.4730000000000003;SR 1403;SR;K;2013-04-13T22:00:00-04:00;SUNDAY;1899-12-29T19:09:21-05:00;DARK - ROADWAY NOT LIGHTED;DRY;N;Y;N;N;N;N;FRONTAL_IMPACT;NO ERROR;"{""type"": ""Point"", ""coordinates"": [-79.01389468983967, 35.06431795481542]}";35.0643179548, -79.0138946898
1459;103178052.0;CLEVELAND;22.0;CASAR;NC 10;0.0;;SR 1547;SR 1628;NC 10;3000001020.0;8.51;NC 10;NC;K;2011-06-11T22:00:00-04:00;SUNDAY;1899-12-29T19:09:21-05:00;DARK - ROADWAY NOT LIGHTED;DRY;Y;N;N;N;N;N;LANE_DEPARTURE;NO ERROR;"{""type"": ""Point"", ""coordinates"": [-81.60665946731002, 35.53327006110613]}";35.5332700611, -81.6066594673
1461;104048254.0;CLEVELAND;22.0;SHELBY;US 74BUS;0.0;;NC 18;WASHINGTON;US 74BUS;2900007420.0;10.85;US 74BUS;US;K;2014-04-25T22:00:00-04:00;SATURDAY;1899-12-29T19:09:21-05:00;DAYLIGHT;DRY;Y;N;N;N;N;N;FRONTAL_IMPACT;NO ERROR;"{""type"": ""Point"", ""coordinates"": [-81.53966255580166, 35.290869597565475]}";35.2908695976, -81.5396625558
1477;103777020.0;CLAY;21.0;HAYESVILLE;SR 1307;0.0;;SR 1321;SR 1326;SR 1307;4000130720.0;2.47;SR 1307;SR;K;2013-06-13T22:00:00-04:00;FRIDAY;1899-12-29T19:09:21-05:00;DAYLIGHT;DRY;N;N;N;N;N;N;FRONTAL_IMPACT;NO ERROR;"{""type"": ""Point"", ""coordinates"": [-83.7939114871593, 35.06939871398973]}";35.069398714, -83.7939114872
1551;102897447.0;FORSYTH;33.0;WINSTON-SALEM;LIBERTY;0.08;N;28TH;US 52;SR 2456;4000245630.0;5.67;SR 2456;SR;K;2010-06-05T22:00:00-04:00;SUNDAY;1899-12-29T19:09:21-05:00;DARK - LIGHTED ROADWAY;DRY;Y;N;N;Y;N;N;LANE_DEPARTURE;NO ERROR;"{""type"": ""Point"", ""coordinates"": [-80.23343615685289, 36.1256574714886]}";36.1256574715, -80.2334361569
1548;103320167.0;FORSYTH;33.0;KERNERSVILLE;UNION CROSS;0.1;N;PECAN;SOLOMON;SR 2643;4000264330.0;6.367;SR 2643;SR;K;2011-11-08T20:00:00-05:00;WEDNESDAY;1899-12-29T19:09:21-05:00;DAYLIGHT;DRY;UNK;N;N;N;N;N;LANE_DEPARTURE;NO ERROR;"{""type"": ""Point"", ""coordinates"": [-80.10791824221343, 36.07841486088743]}";36.0784148609, -80.1079182422
1538;103136250.0;FORSYTH;33.0;WINSTON-SALEM;WAUGHTOWN;0.0;;MARBLE;MARBLE;SR 4315;4000431530.0;3.4;SR 4315;SR;K;2011-04-05T22:00:00-04:00;WEDNESDAY;1899-12-29T19:09:21-05:00;DAYLIGHT;DRY;N;N;N;N;Y;N;PEDESTRIAN;NO ERROR;"{""type"": ""Point"", ""coordinates"": [-80.20359982884432, 36.06907432947968]}";36.0690743295, -80.2035998288
1545;103471162.0;FORSYTH;33.0;WINSTON-SALEM;SR 2700;0.23;S;SR 2643;NC 109;SR 2700;4000270030.0;1.4000000000000001;SR 2700;SR;K;2012-06-01T22:00:00-04:00;SATURDAY;1899-12-29T19:09:21-05:00;DARK - ROADWAY NOT LIGHTED;DRY;Y;N;N;Y;N;N;LANE_DEPARTURE;ROUTE MEASURE NOT FOUND;;
1543;103330066.0;FORSYTH;33.0;WINSTON-SALEM;SR 2700;0.3;NW;NC 109;SR 2643;SR 2700;4000270030.0;1.81;SR 2700;SR;K;2011-12-11T20:00:00-05:00;MONDAY;1899-12-29T19:09:21-05:00;DARK - ROADWAY NOT LIGHTED;DRY;Y;N;N;N;N;N;PEDESTRIAN;ROUTE MEASURE NOT FOUND;;
1534;103177179.0;FORSYTH;33.0;KERNERSVILLE;CHERRY;0.1;N;MAIN;TANYARD;CHERRY;5000585030.0;999.999;CHERRY;LCL;K;2011-06-11T22:00:00-04:00;SUNDAY;1899-12-29T19:09:21-05:00;DAYLIGHT;DRY;N;N;N;N;Y;N;FRONTAL_IMPACT;ROUTE NOT FOUND;;
1533;104178775.0;FORSYTH;33.0;WINSTON-SALEM;BREWER;0.002;N;ETHEL;ELMHURST;BREWER;5000363530.0;1.008;BREWER;LCL;K;2014-09-14T22:00:00-04:00;MONDAY;1899-12-29T19:09:21-05:00;DAYLIGHT;DRY;N;Y;N;N;N;N;OTHER;ROUTE NOT FOUND;;
1531;103345851.0;FORSYTH;33.0;WINSTON-SALEM;BROOKSTOWN;0.0;;WEST;NORTHWEST;BROOKSTOWN;5000393830.0;1.2550000000000001;BROOKSTOWN;LCL;K;2011-12-14T20:00:00-05:00;THURSDAY;1899-12-29T19:09:21-05:00;DARK - LIGHTED ROADWAY;DRY;Y;N;N;N;N;N;LANE_DEPARTURE;ROUTE NOT FOUND;;
1565;103423203.0;FORSYTH;33.0;WINSTON-SALEM;MARSHALL;0.026000000000000002;S;FIRST;US 421;SR 1770;4000177030.0;0.931;SR 1770;SR;K;2012-03-25T22:00:00-04:00;MONDAY;1899-12-29T19:09:21-05:00;DARK - LIGHTED ROADWAY;DRY;N;N;N;N;N;N;LANE_DEPARTURE;NO ERROR;"{""type"": ""Point"", ""coordinates"": [-80.24721304208617, 36.0937722305073]}";36.0937722305, -80.2472130421
1557;103743061.0;FORSYTH;33.0;WINSTON-SALEM;OLD RURAL HALL;0.07;N;CHESTER;OLD HOLLOW;SR 2207;4000220730.0;0.10600000000000001;SR 2207;SR;K;2013-02-09T20:00:00-05:00;SUNDAY;1899-12-29T19:09:21-05:00;DAYLIGHT;DRY;N;N;N;N;N;N;OTHER;NO ERROR;"{""type"": ""Point"", ""coordinates"": [-80.24536174367884, 36.18946967831526]}";36.1894696783, -80.2453617437
1560;103486434.0;FORSYTH;33.0;WALKERTOWN;SR 1962;0.55;N;SR 4540;NC 65;SR 1962;4000196230.0;0.46;SR 1962;SR;K;2012-06-23T22:00:00-04:00;SUNDAY;1899-12-29T19:09:21-05:00;DAYLIGHT;DRY;N;N;N;Y;N;N;LANE_DEPARTURE;NO ERROR;"{""type"": ""Point"", ""coordinates"": [-80.05477869663028, 36.23482722845027]}";36.2348272285, -80.0547786966
1066;102773104.0;CUMBERLAND;25.0;FAYETTEVILLE;US 401;1.1;N;SR 1608;SR 1609;US 401;2000040130.0;23.98;US 401;US;K;2010-01-12T20:00:00-05:00;WEDNESDAY;1899-12-29T19:09:21-05:00;DAYLIGHT;DRY;N;Y;N;N;N;N;FRONTAL_IMPACT;NO ERROR;"{""type"": ""Point"", ""coordinates"": [-78.82985584763514, 35.23662861674257]}";35.2366286167, -78.8298558476
1075;103370472.0;DAVIDSON;28.0;LEXINGTON;US 52;0.034;N;SR 1192;US 64;US 52;2000005230.0;9.914;US 52;US;K;2012-02-02T20:00:00-05:00;FRIDAY;1899-12-29T19:09:21-05:00;DAYLIGHT;DRY;N;N;N;N;N;Y;LANE_DEPARTURE;NO ERROR;"{""type"": ""Point"", ""coordinates"": [-80.28332935678672, 35.82868638800216]}";35.828686388, -80.2833293568
1045;103584419.0;DAVIDSON;28.0;LEXINGTON;NC 47;0.011000000000000001;E;SR 2304;SR 2248;NC 47;3000004730.0;9.17;NC 47;NC;K;2012-10-26T22:00:00-04:00;SATURDAY;1899-12-29T19:09:21-05:00;DAYLIGHT;DRY;N;N;N;N;N;N;OTHER;NO ERROR;"{""type"": ""Point"", ""coordinates"": [-80.20904672640985, 35.731902277244025]}";35.7319022772, -80.2090467264
1055;104246446.0;CUMBERLAND;25.0;FAYETTEVILLE;MARTIN LUTHER KING;0.56;;HAY;ROBESON;US 401BUS;2900040130.0;5.34;US 401BUS;US;K;2014-11-20T20:00:00-05:00;FRIDAY;1899-12-29T19:09:21-05:00;DUSK;DRY;N;N;N;N;N;N;LANE_DEPARTURE;NO ERROR;"{""type"": ""Point"", ""coordinates"": [-78.89400991315176, 35.048993717329694]}";35.0489937173, -78.8940099132
1103;104285715.0;CUMBERLAND;25.0;FAYETTEVILLE;RAEFORD;0.066;SW;STRICKLAND BRIDGE;71ST;US 401;2000040130.0;5.064;US 401;US;K;2014-10-22T22:00:00-04:00;THURSDAY;1899-12-29T19:09:21-05:00;DARK - LIGHTED ROADWAY;DRY;UNK;N;N;N;Y;N;PEDESTRIAN;NO ERROR;"{""type"": ""Point"", ""coordinates"": [-78.99846276561014, 35.039747843600445]}";35.0397478436, -78.9984627656
1090;103811736.0;CUMBERLAND;25.0;FAYETTEVILLE;PAMALEE;0.08800000000000001;NE;COMMONWEALTH;GARY;US 401;2000040130.0;11.448;US 401;US;K;2012-03-16T21:00:00-04:00;SATURDAY;1899-12-29T19:09:21-05:00;DARK - LIGHTED ROADWAY;WET;N;N;N;N;N;N;LANE_DEPARTURE;NO ERROR;"{""type"": ""Point"", ""coordinates"": [-78.92132688930896, 35.090344603111475]}";35.0903446031, -78.9213268893
1077;103772354.0;CUMBERLAND;25.0;FAYETTEVILLE;MORGANTON;0.063;W;MURRAY FORK;MCFAYDEN;SR 1404;4000140430.0;5.9830000000000005;SR 1404;SR;K;2013-04-13T22:00:00-04:00;SUNDAY;1899-12-29T19:09:21-05:00;DAWN;DRY;N;N;N;N;Y;N;LANE_DEPARTURE;NO ERROR;"{""type"": ""Point"", ""coordinates"": [-78.99350073060715, 35.079652080175286]}";35.0796520802, -78.9935007306
1085;102940982.0;CUMBERLAND;25.0;FAYETTEVILLE;COUNTRY CLUB;0.095;E;LAKECREST;MCHOEN;US 401;2000040130.0;12.665000000000001;US 401;US;K;2010-07-26T22:00:00-04:00;TUESDAY;1899-12-29T19:09:21-05:00;DAYLIGHT;WET;N;N;N;N;N;N;LANE_DEPARTURE;NO ERROR;"{""type"": ""Point"", ""coordinates"": [-78.90606343609309, 35.10059941004566]}";35.10059941, -78.9060634361
1095;104022657.0;DAVIDSON;28.0;THOMASVILLE;I 85;0.023;S;*MILE 99;*MILE 98;I 85;1000008530.0;16.597;I 85;INTERSTATE;K;2014-03-25T21:00:00-04:00;WEDNESDAY;1899-12-29T19:09:21-05:00;DAYLIGHT;DRY;Y;N;Y;N;N;N;LANE_DEPARTURE;NO ERROR;"{""type"": ""Point"", ""coordinates"": [-80.14369336372883, 35.83539692469329]}";35.8353969247, -80.1436933637
1121;103258154.0;CUMBERLAND;25.0;FAYETTEVILLE;US 301;0.033;N;SR 2219;SR 1344;I 95BUS;1900009530.0;3.958;I 95BUS;INTERSTATE;K;2011-09-18T22:00:00-04:00;MONDAY;1899-12-29T19:09:21-05:00;DUSK;DRY;Y;N;N;N;N;N;PEDESTRIAN;NO ERROR;"{""type"": ""Point"", ""coordinates"": [-78.90678848020816, 34.981614501277335]}";34.9816145013, -78.9067884802
1108;104165068.0;CUMBERLAND;25.0;FAYETTEVILLE;RAEFORD;0.0;;LANERIDGE;*LCL SPOTTED HORSE LANE;US 401;2000040130.0;0.6;US 401;US;K;2014-04-10T22:00:00-04:00;FRIDAY;1899-12-29T19:09:21-05:00;DAYLIGHT;DRY;N;N;N;N;N;N;FRONTAL_IMPACT;NO ERROR;"{""type"": ""Point"", ""coordinates"": [-79.07253999501404, 35.032427163694194]}";35.0324271637, -79.072539995
1086;103033213.0;CUMBERLAND;25.0;FAYETTEVILLE;WALNUT;0.052000000000000005;W;SANDALWOOD;ELDER;;5003199730.0;999.999;WALNUT;LCL;K;2010-11-16T20:00:00-05:00;WEDNESDAY;1899-12-29T19:09:21-05:00;DARK - ROADWAY NOT LIGHTED;DRY;Y;N;N;N;N;N;PEDESTRIAN;ROUTE NOT FOUND;;
1258;103071307.0;COLUMBUS;23.0;CHADBOURN;SR 1574;0.028;N;SR 1526;SR 1523;SR 1574;4000157420.0;5.702;SR 1574;SR;K;2011-01-11T20:00:00-05:00;WEDNESDAY;1899-12-29T19:09:21-05:00;DARK - ROADWAY NOT LIGHTED;ICE;Y;N;N;Y;N;N;LANE_DEPARTURE;NO ERROR;"{""type"": ""Point"", ""coordinates"": [-78.87368651081403, 34.39881845870091]}";34.3988184587, -78.8736865108
1262;103728951.0;DAVIDSON;28.0;DENTON;NC 109;0.08600000000000001;N;SR 2335;SR 2336;NC 109;3000010930.0;11.301;NC 109;NC;K;2013-04-10T22:00:00-04:00;THURSDAY;1899-12-29T19:09:21-05:00;DARK - ROADWAY NOT LIGHTED;DRY;Y;N;N;N;N;N;LANE_DEPARTURE;NO ERROR;"{""type"": ""Point"", ""coordinates"": [-80.10027851762788, 35.66448072412128]}";35.6644807241, -80.1002785176
1146;103207888.0;CUMBERLAND;25.0;HOPE MILLS;I 95;0.1;N;SR 2243;SR 2252;I 95;1000009530.0;0.895;I 95;INTERSTATE;K;2011-07-13T22:00:00-04:00;THURSDAY;1899-12-29T19:09:21-05:00;DARK - ROADWAY NOT LIGHTED;DRY;Y;N;Y;N;N;N;OTHER;NO ERROR;"{""type"": ""Point"", ""coordinates"": [-78.94522331105328, 34.92247319904514]}";34.922473199, -78.9452233111
1259;102826219.0;COLUMBUS;23.0;EVERGREEN;SR 1574;0.1;W;SR 1003;NC 242;SR 1574;4000157420.0;4.57;SR 1574;SR;K;2010-03-27T21:00:00-04:00;SUNDAY;1899-12-29T19:09:21-05:00;DARK - ROADWAY NOT LIGHTED;WET;Y;Y;N;N;N;N;PEDESTRIAN;NO ERROR;"{""type"": ""Point"", ""coordinates"": [-78.89034277948143, 34.4069724967362]}";34.4069724967, -78.8903427795
1158;103369879.0;DAVIDSON;28.0;LEXINGTON;SR 1213;0.011000000000000001;E;SR 1220;SR 1147;SR 1213;4000121330.0;0.169;SR 1213;SR;K;2012-02-04T20:00:00-05:00;SUNDAY;1899-12-29T19:09:21-05:00;DAYLIGHT;WET;N;N;N;Y;N;N;LANE_DEPARTURE;NO ERROR;"{""type"": ""Point"", ""coordinates"": [-80.31493524397833, 35.79630896769164]}";35.7963089677, -80.314935244
1264;102816729.0;COLUMBUS;23.0;WHITEVILLE;SR 1428;0.3;W;SR 1431;SR 1430;SR 1428;4000142820.0;1.43;SR 1428;SR;K;2010-03-15T21:00:00-04:00;TUESDAY;1899-12-29T19:09:21-05:00;DAYLIGHT;DRY;Y;N;N;N;N;Y;LANE_DEPARTURE;NO ERROR;"{""type"": ""Point"", ""coordinates"": [-78.74735442942148, 34.296465106411226]}";34.2964651064, -78.7473544294
1155;102810028.0;CRAVEN;24.0;HAVELOCK;SR 1745;0.044000000000000004;W;SR 1746;SR 1756;SR 1745;4000174520.0;0.39;SR 1745;SR;K;2010-03-03T20:00:00-05:00;THURSDAY;1899-12-29T19:09:21-05:00;DAYLIGHT;DRY;Y;Y;N;Y;N;N;LANE_DEPARTURE;NO ERROR;"{""type"": ""Point"", ""coordinates"": [-76.9290668103467, 34.88315944964286]}";34.8831594496, -76.9290668103
1142;103033498.0;CUMBERLAND;25.0;FAYETTEVILLE;I 95;0.0;;SR 2000;NC 53;I 95;1000009530.0;11.649000000000001;I 95;INTERSTATE;K;2010-07-05T22:00:00-04:00;TUESDAY;1899-12-29T19:09:21-05:00;DAYLIGHT;DRY;N;N;N;N;N;N;LANE_DEPARTURE;NO ERROR;"{""type"": ""Point"", ""coordinates"": [-78.80889819481342, 35.02466078619718]}";35.0246607862, -78.8088981948
1141;103222112.0;CUMBERLAND;25.0;FAYETTEVILLE;FORT BRAGG;0.038;W;BRAGG;TALLEY;FORT BRAGG;5001089730.0;0.0;FORT BRAGG;LCL;K;2011-07-30T22:00:00-04:00;SUNDAY;1899-12-29T19:09:21-05:00;DAYLIGHT;DRY;Y;Y;N;Y;N;N;LANE_DEPARTURE;ROUTE NOT FOUND;;
1260;103350864.0;CUMBERLAND;25.0;FAYETTEVILLE;CLIFFDALE;0.0;;RIVERDALE;RAEFORD;CLIFFDALE;5000631030.0;999.999;CLIFFDALE;LCL;K;2011-12-16T20:00:00-05:00;SATURDAY;1899-12-29T19:09:21-05:00;DARK - ROADWAY NOT LIGHTED;DRY;N;N;N;N;N;N;FRONTAL_IMPACT;ROUTE NOT FOUND;;
1556;104259384.0;FORSYTH;33.0;WINSTON-SALEM;SR 2211;0.2;S;SR 2316;MORELAND;SR 2211;4000221130.0;7.08;SR 2211;SR;K;2014-12-20T20:00:00-05:00;SUNDAY;1899-12-29T19:09:21-05:00;DARK - ROADWAY NOT LIGHTED;DRY;N;N;N;N;Y;N;LANE_DEPARTURE;NO ERROR;"{""type"": ""Point"", ""coordinates"": [-80.22231388946867, 36.1747995513706]}";36.1747995514, -80.2223138895
1540;104073805.0;FORSYTH;33.0;WINSTON-SALEM;UNIVERSITY;0.08800000000000001;S;KRESS;LONG;SR 4000;4000400030.0;1.292;SR 4000;SR;K;2013-10-31T21:00:00-04:00;FRIDAY;1899-12-29T19:09:21-05:00;DARK - LIGHTED ROADWAY;DRY;N;N;N;N;N;N;OTHER;NO ERROR;"{""type"": ""Point"", ""coordinates"": [-80.27818316074672, 36.144557554208475]}";36.1445575542, -80.2781831607
1559;103753727.0;FORSYTH;33.0;WALKERTOWN;SR 1965;0.052000000000000005;N;SR 4551;SR 4510;SR 1965;4000196530.0;1.602;SR 1965;SR;K;2013-05-17T22:00:00-04:00;SATURDAY;1899-12-29T19:09:21-05:00;DAYLIGHT;WET;Y;N;N;Y;N;N;LANE_DEPARTURE;NO ERROR;"{""type"": ""Point"", ""coordinates"": [-80.11816897692647, 36.19429861440238]}";36.1942986144, -80.1181689769