OBJECTID;CRSH_ID;COUNTY;COUNTY_NBR;MUNCIPALIT;ON_RD;DIS;DIR;FROM_RD;TWDS_RD;MLPST_RD;GIS_MP_ROU;MILEPOST;HO_ROUTE_N;HO_ROUTE_C;SEV;CRASH_DATE;DAY;TIME;LIGHT_COND;ROAD_SURFA;ALCOHOL_FL;MOTORCYCLE;HEAVY_TRUC;SPEED_RELA;OLDER_DRIV;TEEN_DRIVE;CRASH_TYPE;LOC_ERROR;geo_shape;geo_point_2d
1353;104167177.0;COLUMBUS;23.0;BOLTON;NC 87;0.1;N;SR 1817;SR 1863;NC 87;3000008720.0;3.161;NC 87;NC;K;2014-09-10T22:00:00-04:00;THURSDAY;1899-12-29T19:09:21-05:00;DAYLIGHT;DRY;N;N;Y;N;Y;N;SIDESWIPE;NO ERROR;"{""type"": ""Point"", ""coordinates"": [-78.22666219853292, 34.341517131529336]}";34.3415171315, -78.2266621985
1362;103336307.0;COLUMBUS;23.0;WHITEVILLE;J K POWELL;0.0;;VIRGIL;TALBOT;US 701;2000070120.0;17.803;US 701;US;K;2011-12-02T20:00:00-05:00;SATURDAY;1899-12-29T19:09:21-05:00;DARK - ROADWAY NOT LIGHTED;DRY;UNK;N;N;N;N;N;PEDESTRIAN;NO ERROR;"{""type"": ""Point"", ""coordinates"": [-78.70772179386165, 34.32459573552051]}";34.3245957355, -78.7077217939
1350;103822814.0;COLUMBUS;23.0;BOLTON;NC 87;0.0;;NC 11;US 74;NC 87;3000008720.0;6.9510000000000005;NC 87;NC;K;2013-08-09T22:00:00-04:00;SATURDAY;1899-12-29T19:09:21-05:00;DAYLIGHT;DRY;N;N;N;N;Y;N;FRONTAL_IMPACT;NO ERROR;"{""type"": ""Point"", ""coordinates"": [-78.27736517957743, 34.37628293740052]}";34.3762829374, -78.2773651796
1251;103771241.0;CUMBERLAND;25.0;FAYETTEVILLE;CLIFFDALE;0.5;SE;TOWN CREEK;MARSHTREE;SR 1400;4000140030.0;2.583;SR 1400;SR;K;2012-11-30T20:00:00-05:00;SATURDAY;1899-12-29T19:09:21-05:00;DARK - LIGHTED ROADWAY;DRY;Y;N;N;Y;N;N;SIDESWIPE;NO ERROR;"{""type"": ""Point"", ""coordinates"": [-79.04858855164491, 35.0592804433088]}";35.0592804433, -79.0485885516
1294;102941153.0;CUMBERLAND;25.0;FAYETTEVILLE;YADKIN;0.057;E;SANTA FE;PIMA;SR 1415;4000141530.0;1.622;SR 1415;SR;K;2010-08-02T22:00:00-04:00;TUESDAY;1899-12-29T19:09:21-05:00;DARK - LIGHTED ROADWAY;DRY;Y;N;N;Y;N;N;LANE_DEPARTURE;NO ERROR;"{""type"": ""Point"", ""coordinates"": [-78.98217286958467, 35.08929072135032]}";35.0892907214, -78.9821728696
1316;103532363.0;DAVIDSON;28.0;LEXINGTON;RALEIGH;0.03;W;ADAMS;BURGESS;NC 8;3000000830.0;30.627000000000002;NC 8;NC;K;2012-07-29T22:00:00-04:00;MONDAY;1899-12-29T19:09:21-05:00;DARK - LIGHTED ROADWAY;DRY;UNK;N;N;Y;N;N;LANE_DEPARTURE;NO ERROR;"{""type"": ""Point"", ""coordinates"": [-80.24157600697131, 35.824915527445015]}";35.8249155274, -80.241576007
1243;103855071.0;CUMBERLAND;25.0;FAYETTEVILLE;SOUTHERN;0.05;N;DELCROSS;MAY;SR 1141;4000114130.0;5.096;SR 1141;SR;K;2013-08-27T22:00:00-04:00;WEDNESDAY;1899-12-29T19:09:21-05:00;DAYLIGHT;DRY;N;N;N;N;N;N;LANE_DEPARTURE;NO ERROR;"{""type"": ""Point"", ""coordinates"": [-78.89583396619503, 35.028967809704426]}";35.0289678097, -78.8958339662
1298;103119511.0;DARE;27.0;DUCK;COOK;0.0;E;DUCK;*LCL SPECKLE TROUT DR;NC 12;3000001230.0;82.453;NC 12;NC;K;2010-10-12T22:00:00-04:00;WEDNESDAY;1899-12-29T19:09:21-05:00;DARK - UNKNOWN LIGHTING;DRY;N;N;N;N;Y;N;PEDESTRIAN;NO ERROR;"{""type"": ""Point"", ""coordinates"": [-75.75295879039786, 36.16505919258616]}";36.1650591926, -75.7529587904
1308;102824757.0;CUMBERLAND;25.0;FAYETTEVILLE;SR 2018;0.6;NE;NC 210;SR 2019;SR 2018;4000201830.0;0.6;SR 2018;SR;K;2010-03-10T20:00:00-05:00;THURSDAY;1899-12-29T19:09:21-05:00;DAYLIGHT;WET;N;N;N;N;N;N;FRONTAL_IMPACT;NO ERROR;"{""type"": ""Point"", ""coordinates"": [-78.73279399775467, 34.99077002445122]}";34.9907700245, -78.7327939978
1233;104227324.0;CRAVEN;24.0;COVE CITY;US 70;0.064;E;CL-JONES;NC 41;US 70;2000007020.0;0.064;US 70;US;K;2014-11-20T20:00:00-05:00;FRIDAY;1899-12-29T19:09:21-05:00;DAYLIGHT;DRY;N;N;N;N;N;N;OTHER;NO ERROR;"{""type"": ""Point"", ""coordinates"": [-77.33586333459643, 35.15410614124521]}";35.1541061412, -77.3358633346
1226;103278390.0;DARE;27.0;KILL DEVIL HILLS;US 158;0.0;;COLLINGTON;OREGON;US 158;2000015830.0;9.71;US 158;US;K;2011-10-04T22:00:00-04:00;WEDNESDAY;1899-12-29T19:09:21-05:00;DARK - LIGHTED ROADWAY;DRY;Y;N;N;N;N;N;FRONTAL_IMPACT;NO ERROR;"{""type"": ""Point"", ""coordinates"": [-75.66071796506519, 36.01329176061786]}";36.0132917606, -75.6607179651
1237;103183498.0;CRAVEN;24.0;VANCEBORO;US 17;0.038;N;SR 1476;CL-BEAUFORT;US 17;2000001720.0;36.526;US 17;US;K;2011-06-21T22:00:00-04:00;WEDNESDAY;1899-12-29T19:09:21-05:00;DARK - ROADWAY NOT LIGHTED;DRY;Y;N;N;N;N;N;PEDESTRIAN;ROUTE MEASURE NOT FOUND;;
1235;103737410.0;CRAVEN;24.0;BRIDGETON;US 17;0.4;NW;US 17;SR 1659;US 17;2000001720.0;999.999;US 17;US;K;2013-04-26T22:00:00-04:00;SATURDAY;1899-12-29T19:09:21-05:00;DAYLIGHT;DRY;Y;Y;N;Y;N;N;LANE_DEPARTURE;ROUTE MEASURE NOT FOUND;;
1439;103983254.0;CUMBERLAND;25.0;FAYETTEVILLE;MORGANTON;0.076;NW;LONG BRANCH;BONANZA;SR 1404;4000140430.0;5.553;SR 1404;SR;K;2013-08-17T22:00:00-04:00;SUNDAY;1899-12-29T19:09:21-05:00;DARK - LIGHTED ROADWAY;DRY;N;N;N;N;N;Y;LANE_DEPARTURE;NO ERROR;"{""type"": ""Point"", ""coordinates"": [-78.98612037086531, 35.07844068604135]}";35.078440686, -78.9861203709
1427;103308579.0;CURRITUCK;26.0;KITTY HAWK;US 158;0.5;N;SR 1116;SR 1118;US 158;2000015830.0;26.822000000000003;US 158;US;K;2011-11-18T20:00:00-05:00;SATURDAY;1899-12-29T19:09:21-05:00;DARK - ROADWAY NOT LIGHTED;DRY;Y;N;N;N;N;N;PEDESTRIAN;NO ERROR;"{""type"": ""Point"", ""coordinates"": [-75.85283610227563, 36.149586400300365]}";36.1495864003, -75.8528361023
1423;104133554.0;DARE;27.0;MANTEO;SR 1116;0.1;N;SR 1331;US 64;SR 1116;4000111630.0;0.75;SR 1116;SR;K;2014-08-19T22:00:00-04:00;WEDNESDAY;1899-12-29T19:09:21-05:00;DARK - ROADWAY NOT LIGHTED;DRY;Y;N;N;Y;N;N;LANE_DEPARTURE;NO ERROR;"{""type"": ""Point"", ""coordinates"": [-75.70203582774396, 35.925040357322246]}";35.9250403573, -75.7020358277
1444;103703196.0;CLEVELAND;22.0;PATTERSON SPRINGS;NC 180;0.1;S;NC 226;SR 1282;NC 180;3000018020.0;3.46;NC 180;NC;K;2013-03-13T21:00:00-04:00;THURSDAY;1899-12-29T19:09:21-05:00;DAYLIGHT;DRY;N;N;N;Y;N;N;LANE_DEPARTURE;NO ERROR;"{""type"": ""Point"", ""coordinates"": [-81.51723205617246, 35.23124025038439]}";35.2312402504, -81.5172320562
1424;103937589.0;CLEVELAND;22.0;SHELBY;SR 1130;0.0;;SR 1129;SR 1215;SR 1130;4000113020.0;2.0;SR 1130;SR;K;2013-12-25T20:00:00-05:00;THURSDAY;1899-12-29T19:09:21-05:00;DARK - ROADWAY NOT LIGHTED;DRY;N;N;N;N;N;N;LANE_DEPARTURE;NO ERROR;"{""type"": ""Point"", ""coordinates"": [-81.57036959428345, 35.22757682197836]}";35.227576822, -81.5703695943
1429;103418909.0;DAVIDSON;28.0;LEXINGTON;SR 1192;0.0;;SR 1196;SR 1336;SR 1192;4000119230.0;2.5140000000000002;SR 1192;SR;K;2012-03-21T21:00:00-04:00;THURSDAY;1899-12-29T19:09:21-05:00;DAYLIGHT;DRY;N;Y;N;Y;N;N;FRONTAL_IMPACT;NO ERROR;"{""type"": ""Point"", ""coordinates"": [-80.3394469257922, 35.84591584313467]}";35.8459158431, -80.3394469258
1539;104015044.0;FORSYTH;33.0;WINSTON-SALEM;UNIVERSITY;0.015000000000000001;S;NC 66;STANLEYVILLE MANOR A;SR 4000;4000400030.0;5.341;SR 4000;SR;K;2014-02-08T20:00:00-05:00;SUNDAY;1899-12-29T19:09:21-05:00;DARK - LIGHTED ROADWAY;DRY;N;N;N;N;Y;Y;PEDESTRIAN;NO ERROR;"{""type"": ""Point"", ""coordinates"": [-80.28062079814272, 36.20135139698737]}";36.201351397, -80.2806207981
1542;103524173.0;FORSYTH;33.0;WINSTON-SALEM;SR 3036;0.1;W;SR 2902;*UNK DEAD END;SR 3036;4000303630.0;0.1;SR 3036;SR;K;2012-08-16T22:00:00-04:00;FRIDAY;1899-12-29T19:09:21-05:00;DARK - ROADWAY NOT LIGHTED;DRY;N;N;N;N;N;Y;LANE_DEPARTURE;NO ERROR;"{""type"": ""Point"", ""coordinates"": [-80.30035558469471, 36.021946730204846]}";36.0219467302, -80.3003555847
1537;103199403.0;FORSYTH;33.0;WINSTON-SALEM;WAUGHTOWN;0.006;E;REYNOLDS PARK;HIGH POINT;SR 4315;4000431530.0;4.796;SR 4315;SR;K;2011-06-19T22:00:00-04:00;MONDAY;1899-12-29T19:09:21-05:00;DAYLIGHT;DRY;N;N;N;N;N;N;LANE_DEPARTURE;NO ERROR;"{""type"": ""Point"", ""coordinates"": [-80.1809116722184, 36.076769187906415]}";36.0767691879, -80.1809116722
1527;103447813.0;CHEROKEE;19.0;ANDREWS;US 19BUS;0.0;N;WHITAKER;*PVA US HWY 19/74;US 19BUS;2900001920.0;15.114;US 19BUS;US;K;2012-05-04T22:00:00-04:00;SATURDAY;1899-12-29T19:09:21-05:00;DAYLIGHT;DRY;N;N;N;N;Y;N;FRONTAL_IMPACT;NO ERROR;"{""type"": ""Point"", ""coordinates"": [-83.83765475680364, 35.20195366396797]}";35.201953664, -83.8376547568
1558;103886455.0;FORSYTH;33.0;KERNERSVILLE;SR 2017;0.6;N;SR 2019;SR 2016;SR 2017;4000201730.0;1.8900000000000001;SR 2017;SR;K;2013-10-27T21:00:00-04:00;MONDAY;1899-12-29T19:09:21-05:00;DAYLIGHT;DRY;N;N;N;Y;N;Y;LANE_DEPARTURE;NO ERROR;"{""type"": ""Point"", ""coordinates"": [-80.04722761727773, 36.17210000373764]}";36.1721000037, -80.0472276173
1522;103654650.0;CHEROKEE;19.0;MURPHY;NC 141;0.7000000000000001;S;SR 1526;SR 1554;NC 141;3000014120.0;5.43;NC 141;NC;K;2013-01-16T20:00:00-05:00;THURSDAY;1899-12-29T19:09:21-05:00;DAYLIGHT;WET;N;N;N;Y;N;N;LANE_DEPARTURE;NO ERROR;"{""type"": ""Point"", ""coordinates"": [-83.93625914989468, 35.13327907417338]}";35.1332790742, -83.9362591499
1526;102876522.0;DAVIDSON;28.0;LEXINGTON;NC 47;0.2;W;SR 1323;SR 3100;NC 47;3000004730.0;4.3100000000000005;NC 47;NC;K;2010-05-28T22:00:00-04:00;SATURDAY;1899-12-29T19:09:21-05:00;DAYLIGHT;DRY;N;Y;N;N;N;Y;FRONTAL_IMPACT;NO ERROR;"{""type"": ""Point"", ""coordinates"": [-80.28320776279867, 35.76112925046838]}";35.7611292505, -80.2832077628
1519;103124796.0;CHEROKEE;19.0;MURPHY;NC 294;0.15;N;SR 1320;SR 1317;NC 294;3000029420.0;2.7;NC 294;NC;K;2011-03-29T22:00:00-04:00;WEDNESDAY;1899-12-29T19:09:21-05:00;DAYLIGHT;WET;N;N;N;N;N;N;LANE_DEPARTURE;NO ERROR;"{""type"": ""Point"", ""coordinates"": [-84.26172261169522, 35.12684727878515]}";35.1268472788, -84.2617226117
1544;104242795.0;FORSYTH;33.0;WINSTON-SALEM;UNION CROSS;0.009000000000000001;S;WOODSWAY;PINEWOOD;UNION CROSS;5003131830.0;999.999;UNION CROSS;LCL;K;2014-11-21T20:00:00-05:00;SATURDAY;1899-12-29T19:09:21-05:00;DAYLIGHT;DRY;UNK;N;N;Y;N;Y;LANE_DEPARTURE;ROUTE NOT FOUND;;
1568;104167825.0;FORSYTH;33.0;TOBACCOVILLE;SR 1631;1.0;NW;RIDGE BLUFF;SR 1630;SR 1631;4000163130.0;999.999;SR 1631;SR;K;2014-09-27T22:00:00-04:00;SUNDAY;1899-12-29T19:09:21-05:00;DARK - ROADWAY NOT LIGHTED;WET;Y;N;N;N;N;N;ANIMAL;ROUTE MEASURE NOT FOUND;;
1499;103221191.0;CHOWAN;20.0;EDENTON;SR 1102;1.3;E;NC 32;SR 1116;SR 1102;4000110220.0;3.0500000000000003;SR 1102;SR;K;2011-08-05T22:00:00-04:00;SATURDAY;1899-12-29T19:09:21-05:00;DARK - ROADWAY NOT LIGHTED;DRY;N;N;N;N;N;Y;LANE_DEPARTURE;NO ERROR;"{""type"": ""Point"", ""coordinates"": [-76.5537703736754, 36.05541090010942]}";36.0554109001, -76.5537703737
1517;104131533.0;CHEROKEE;19.0;MURPHY;SR 1106;0.2;S;SR 1105;SR 1107;SR 1106;4000110620.0;0.2;SR 1106;SR;K;2014-08-16T22:00:00-04:00;SUNDAY;1899-12-29T19:09:21-05:00;DARK - ROADWAY NOT LIGHTED;WET;Y;N;N;N;N;N;LANE_DEPARTURE;NO ERROR;"{""type"": ""Point"", ""coordinates"": [-84.27872751139988, 35.01016502993876]}";35.0101650299, -84.2787275114
1518;104145534.0;CURRITUCK;26.0;DUCK;NC 12;0.7000000000000001;N;SR 1422;SR 1402;NC 12;3000001230.0;5.4590000000000005;NC 12;NC;K;2014-08-24T22:00:00-04:00;MONDAY;1899-12-29T19:09:21-05:00;DARK - ROADWAY NOT LIGHTED;DRY;UNK;N;N;N;N;N;PEDESTRIAN;NO ERROR;"{""type"": ""Point"", ""coordinates"": [-75.80606479760837, 36.30464061898484]}";36.304640619, -75.8060647976
1508;103201992.0;CHEROKEE;19.0;ANDREWS;SR 1505;0.1;S;SR 1507;SR 1521;SR 1505;4000150520.0;6.6930000000000005;SR 1505;SR;K;2011-07-14T22:00:00-04:00;FRIDAY;1899-12-29T19:09:21-05:00;DAYLIGHT;DRY;Y;N;N;N;Y;N;LANE_DEPARTURE;NO ERROR;"{""type"": ""Point"", ""coordinates"": [-83.80750783566852, 35.19502692002537]}";35.19502692, -83.8075078357
1505;104124302.0;DAVIDSON;28.0;DENTON;NC 109;0.007;S;SR 2272;SR 2318;NC 109;3000010930.0;15.238000000000001;NC 109;NC;K;2014-08-03T22:00:00-04:00;MONDAY;1899-12-29T19:09:21-05:00;DAYLIGHT;DRY;N;N;N;N;N;Y;REAR_END;NO ERROR;"{""type"": ""Point"", ""coordinates"": [-80.0988458545308, 35.72138679490844]}";35.7213867949, -80.0988458545
1501;103531736.0;CHOWAN;20.0;EDENTON;US 17;0.3;N;SR 1234;NC 32;US 17;2000001720.0;4.32;US 17;US;K;2012-08-27T22:00:00-04:00;TUESDAY;1899-12-29T19:09:21-05:00;DAYLIGHT;DRY;N;N;N;N;N;N;LANE_DEPARTURE;NO ERROR;"{""type"": ""Point"", ""coordinates"": [-76.62461254816073, 36.070789674037414]}";36.070789674, -76.6246125482
1496;104149203.0;CHOWAN;20.0;EDENTON;SR 1218;0.1;S;SR 1237;SR 1287;SR 1218;4000121820.0;1.01;SR 1218;SR;K;2014-08-29T22:00:00-04:00;SATURDAY;1899-12-29T19:09:21-05:00;DAYLIGHT;DRY;Y;N;N;Y;N;N;OTHER;NO ERROR;"{""type"": ""Point"", ""coordinates"": [-76.7136949035134, 36.192867695298304]}";36.1928676953, -76.7136949035
1489;102886834.0;CLAY;21.0;HAYESVILLE;US 64;0.1;W;SR 1330;NC 175;US 64;2000006420.0;12.91;US 64;US;K;2010-06-05T22:00:00-04:00;SUNDAY;1899-12-29T19:09:21-05:00;DAYLIGHT;WET;N;N;N;Y;N;N;OTHER;NO ERROR;"{""type"": ""Point"", ""coordinates"": [-83.7353785610979, 35.0330865046002]}";35.0330865046, -83.7353785611
1492;103504498.0;DAVIDSON;28.0;LEXINGTON;CENTER;0.0;;SALISBURY;*;SR 1243;4000124330.0;1.741;SR 1243;SR;K;2012-07-13T22:00:00-04:00;SATURDAY;1899-12-29T19:09:21-05:00;DARK - LIGHTED ROADWAY;WET;Y;Y;N;N;N;N;FRONTAL_IMPACT;NO ERROR;"{""type"": ""Point"", ""coordinates"": [-80.24659562846894, 35.815587759619845]}";35.8155877596, -80.2465956285
1488;103243909.0;CLAY;21.0;HAYESVILLE;US 64;0.0;;SR 1330;NC 175;US 64;2000006420.0;13.01;US 64;US;K;2011-09-04T22:00:00-04:00;MONDAY;1899-12-29T19:09:21-05:00;DAYLIGHT;DRY;N;N;N;N;Y;N;FRONTAL_IMPACT;NO ERROR;"{""type"": ""Point"", ""coordinates"": [-83.73367856986309, 35.032700439486206]}";35.0327004395, -83.7336785699
1463;102911399.0;CLEVELAND;22.0;KINGS MOUNTAIN;US 74;0.0;W;PIEDMONT;OAK GROVE;US 74;2000007420.0;23.68;US 74;US;K;2010-06-12T22:00:00-04:00;SUNDAY;1899-12-29T19:09:21-05:00;DARK - ROADWAY NOT LIGHTED;DRY;Y;N;N;N;N;N;PEDESTRIAN;NO ERROR;"{""type"": ""Point"", ""coordinates"": [-81.3400023097017, 35.25066191845098]}";35.2506619185, -81.3400023097
1453;104034922.0;CLEVELAND;22.0;SHELBY;NC 18;0.01;S;SR 1803;SR 1804;NC 18;3000001820.0;18.088;NC 18;NC;K;2014-04-10T22:00:00-04:00;FRIDAY;1899-12-29T19:09:21-05:00;DARK - ROADWAY NOT LIGHTED;DRY;Y;N;N;Y;N;N;LANE_DEPARTURE;NO ERROR;"{""type"": ""Point"", ""coordinates"": [-81.50275156321909, 35.40989063303898]}";35.409890633, -81.5027515632
1483;103141358.0;CLAY;21.0;HAYESVILLE;NC 175;0.4;S;SR 1159;SR 1155;NC 175;3000017520.0;2.2;NC 175;NC;K;2011-04-17T22:00:00-04:00;MONDAY;1899-12-29T19:09:21-05:00;DARK - ROADWAY NOT LIGHTED;DRY;N;Y;N;N;N;N;LANE_DEPARTURE;NO ERROR;"{""type"": ""Point"", ""coordinates"": [-83.73968921656476, 35.01333484523873]}";35.0133348452, -83.7396892166
1449;103788164.0;CLEVELAND;22.0;BOILING SPRINGS;NC 150;0.1;W;SR 1123;SR 1159;NC 150;3000015020.0;7.7;NC 150;NC;K;2013-06-27T22:00:00-04:00;FRIDAY;1899-12-29T19:09:21-05:00;DAYLIGHT;DRY;N;N;N;N;N;N;LANE_DEPARTURE;NO ERROR;"{""type"": ""Point"", ""coordinates"": [-81.62602358859806, 35.25088198386309]}";35.2508819839, -81.6260235886
1475;103750665.0;CLAY;21.0;HAYESVILLE;SR 1330;0.8;N;SR 1328;SR 1307;SR 1330;4000133020.0;2.61;SR 1330;SR;K;2013-05-11T22:00:00-04:00;SUNDAY;1899-12-29T19:09:21-05:00;DAYLIGHT;DRY;N;N;N;Y;Y;N;LANE_DEPARTURE;NO ERROR;"{""type"": ""Point"", ""coordinates"": [-83.72170299048467, 35.05161272168076]}";35.0516127217, -83.7217029905
1458;103476448.0;DAVIDSON;28.0;DENTON;SR 1002;0.037000000000000005;E;SR 2353;NC 8;SR 1002;4000100230.0;4.565;SR 1002;SR;K;2012-06-15T22:00:00-04:00;SATURDAY;1899-12-29T19:09:21-05:00;DAYLIGHT;DRY;Y;Y;N;N;N;N;OTHER;NO ERROR;"{""type"": ""Point"", ""coordinates"": [-80.18588734769195, 35.61163073518222]}";35.6116307352, -80.1858873477
1487;103477041.0;CUMBERLAND;25.0;FAYETTEVILLE;WHITFIELD;0.0;;CAMDEN;SOUTHERN;SR 1168;4000116830.0;0.40700000000000003;SR 1168;SR;K;2012-06-10T22:00:00-04:00;MONDAY;1899-12-29T19:09:21-05:00;DAYLIGHT;DRY;N;N;N;N;Y;Y;FRONTAL_IMPACT;NO ERROR;"{""type"": ""Point"", ""coordinates"": [-78.89423490484829, 35.03652647974826]}";35.0365264797, -78.8942349048
1446;104039908.0;CLEVELAND;22.0;SHELBY;DEKALB;0.0;;LAWRENCE;MORTON;NC 150;3000015020.0;13.16;NC 150;NC;K;2014-04-08T22:00:00-04:00;WEDNESDAY;1899-12-29T19:09:21-05:00;DAYLIGHT;DRY;N;N;N;N;Y;N;FRONTAL_IMPACT;NO ERROR;"{""type"": ""Point"", ""coordinates"": [-81.54081041852933, 35.270543544635366]}";35.2705435446, -81.5408104185
1484;103263701.0;CLAY;21.0;HAYESVILLE;US 64;0.0;;SR 1343;SR 1128;US 64;2000006420.0;999.999;US 64;US;K;2011-09-28T22:00:00-04:00;THURSDAY;1899-12-29T19:09:21-05:00;DAYLIGHT;DRY;N;N;N;N;Y;N;FRONTAL_IMPACT;ROUTE MEASURE NOT FOUND;;
1448;104236092.0;CUMBERLAND;25.0;FAYETTEVILLE;VILLAGE;0.006;E;METROMEDICAL;OWEN;;5003174330.0;999.999;VILLAGE;LCL;K;2014-11-16T20:00:00-05:00;MONDAY;1899-12-29T19:09:21-05:00;DAYLIGHT;WET;N;N;N;N;Y;N;REAR_END;ROUTE NOT FOUND;;
1532;103594915.0;FORSYTH;33.0;WINSTON-SALEM;BRINDLE;0.015000000000000001;S;VOGLER;SPRAGUE;BRINDLE;5000376830.0;0.155;BRINDLE;LCL;K;2012-09-26T22:00:00-04:00;THURSDAY;1899-12-29T19:09:21-05:00;DARK - LIGHTED ROADWAY;DRY;Y;N;N;N;N;N;LANE_DEPARTURE;ROUTE NOT FOUND;;
1555;104078295.0;FORSYTH;33.0;WALKERTOWN;SR 2219;0.1;E;SR 2463;SR 2438;SR 2219;4000221930.0;999.999;SR 2219;SR;K;2014-05-21T22:00:00-04:00;THURSDAY;1899-12-29T19:09:21-05:00;DAYLIGHT;DRY;Y;N;N;Y;N;N;LANE_DEPARTURE;ROUTE MEASURE NOT FOUND;;
1535;103847995.0;FORSYTH;33.0;WINSTON-SALEM;BERRY HILL;0.063;S;CEDARMERE;FERNHILL;;5000244230.0;999.999;BERRY HILL;LCL;K;2013-08-15T22:00:00-04:00;FRIDAY;1899-12-29T19:09:21-05:00;DAYLIGHT;DRY;N;N;N;N;N;N;OTHER;ROUTE NOT FOUND;;
1567;103632900.0;FORSYTH;33.0;WINSTON-SALEM;OAK SUMMIT;0.026000000000000002;NW;STONEWALL;MANNING WOOD;SR 1686;4000168630.0;5.237;SR 1686;SR;K;2012-12-04T20:00:00-05:00;WEDNESDAY;1899-12-29T19:09:21-05:00;DARK - LIGHTED ROADWAY;DRY;UNK;N;N;N;N;N;LANE_DEPARTURE;NO ERROR;"{""type"": ""Point"", ""coordinates"": [-80.24634867321987, 36.167013464816506]}";36.1670134648, -80.2463486732
1569;103805285.0;FORSYTH;33.0;TOBACCOVILLE;SR 1611;0.5;N;SR 1612;SR 1604;SR 1611;4000161130.0;1.089;SR 1611;SR;K;2013-07-15T22:00:00-04:00;TUESDAY;1899-12-29T19:09:21-05:00;DARK - ROADWAY NOT LIGHTED;DRY;N;N;N;N;Y;N;LANE_DEPARTURE;NO ERROR;"{""type"": ""Point"", ""coordinates"": [-80.37042881547056, 36.24699041175318]}";36.2469904118, -80.3704288155
1574;102888280.0;FORSYTH;33.0;WINSTON-SALEM;SR 1434;0.35000000000000003;S;SR 1863;SR 3245;SR 1434;4000143430.0;1.0410000000000001;SR 1434;SR;K;2010-05-29T22:00:00-04:00;SUNDAY;1899-12-29T19:09:21-05:00;DARK - ROADWAY NOT LIGHTED;DRY;Y;N;N;Y;N;Y;OTHER;NO ERROR;"{""type"": ""Point"", ""coordinates"": [-80.3563998679663, 36.13890284240451]}";36.1389028424, -80.356399868
1564;103980195.0;FORSYTH;33.0;WINSTON-SALEM;REYNOLDA;0.034;SE;FENNER;MEADOWBROOK;REYNOLDA;5002576230.0;999.999;REYNOLDA;LCL;K;2013-12-20T20:00:00-05:00;SATURDAY;1899-12-29T19:09:21-05:00;DARK - LIGHTED ROADWAY;DRY;UNK;Y;N;Y;N;N;LANE_DEPARTURE;ROUTE NOT FOUND;;
1571;102826487.0;FORSYTH;33.0;WINSTON-SALEM;POINT;0.0;;BETHABARA;FAIRLAWN;SR 1528;4000152830.0;1.534;SR 1528;SR;K;2010-03-17T21:00:00-04:00;THURSDAY;1899-12-29T19:09:21-05:00;DAYLIGHT;DRY;N;N;N;N;N;N;PEDESTRIAN;NO ERROR;"{""type"": ""Point"", ""coordinates"": [-80.28663725781794, 36.149346864977865]}";36.149346865, -80.2866372578
594;103192286.0;BUNCOMBE;10.0;ASHEVILLE;OVERLOOK;0.057;W;PEBBLE CREEK;DEER RUN;SR 3503;4000350310.0;0.35100000000000003;SR 3503;SR;K;2011-06-12T22:00:00-04:00;MONDAY;1899-12-29T19:09:21-05:00;DARK - ROADWAY NOT LIGHTED;DRY;UNK;N;N;Y;N;Y;LANE_DEPARTURE;NO ERROR;"{""type"": ""Point"", ""coordinates"": [-82.52845401194838, 35.50183643454105]}";35.5018364345, -82.5284540119
1572;103312250.0;FORSYTH;33.0;LEWISVILLE;SR 1525;0.011000000000000001;N;ROBINWEST;MANOA;SR 1525;4000152530.0;6.277;SR 1525;SR;K;2011-11-19T20:00:00-05:00;SUNDAY;1899-12-29T19:09:21-05:00;DARK - ROADWAY NOT LIGHTED;DRY;Y;N;N;Y;N;N;LANE_DEPARTURE;NO ERROR;"{""type"": ""Point"", ""coordinates"": [-80.41579191952192, 36.13121569922892]}";36.1312156992, -80.4157919195